game_pk,game_date,home_team,lat,lon
744795,2024-09-25,WSH,38.873,-77.007
744796,2024-09-26,WSH,38.873,-77.007
744797,2024-09-27,WSH,38.873,-77.007
744798,2024-09-29,WSH,38.873,-77.007
744799,2024-09-28,WSH,38.873,-77.007
744800,2024-09-13,WSH,38.873,-77.007
744801,2024-09-15,WSH,38.873,-77.007
744802,2024-09-24,WSH,38.873,-77.007
744803,2024-09-14,WSH,38.873,-77.007
744804,2024-09-11,WSH,38.873,-77.007
744805,2024-09-12,WSH,38.873,-77.007
744806,2024-09-01,WSH,38.873,-77.007
744807,2024-09-10,WSH,38.873,-77.007
744808,2024-08-31,WSH,38.873,-77.007
744809,2024-08-28,WSH,38.873,-77.007
744810,2024-08-30,WSH,38.873,-77.007
744811,2024-08-27,WSH,38.873,-77.007
744812,2024-08-21,WSH,38.873,-77.007
744813,2024-08-26,WSH,38.873,-77.007
744814,2024-08-20,WSH,38.873,-77.007
744815,2024-08-22,WSH,38.873,-77.007
744816,2024-08-11,WSH,38.873,-77.007
744817,2024-08-06,WSH,38.873,-77.007
744818,2024-08-09,WSH,38.873,-77.007
744819,2024-08-08,WSH,38.873,-77.007
744820,2024-08-10,WSH,38.873,-77.007
744821,2024-08-05,WSH,38.873,-77.007
744822,2024-08-07,WSH,38.873,-77.007
744823,2024-08-03,WSH,38.873,-77.007
744824,2024-07-24,WSH,38.873,-77.007
744825,2024-08-02,WSH,38.873,-77.007
744826,2024-08-04,WSH,38.873,-77.007
744827,2024-07-25,WSH,38.873,-77.007
744828,2024-07-23,WSH,38.873,-77.007
744829,2024-07-19,WSH,38.873,-77.007
744830,2024-07-20,WSH,38.873,-77.007
744831,2024-07-21,WSH,38.873,-77.007
744832,2024-07-07,WSH,38.873,-77.007
744833,2024-07-08,WSH,38.873,-77.007
744834,2024-07-04,WSH,38.873,-77.007
744835,2024-07-06,WSH,38.873,-77.007
744836,2024-07-05,WSH,38.873,-77.007
744837,2024-07-03,WSH,38.873,-77.007
744838,2024-07-02,WSH,38.873,-77.007
744839,2024-06-16,WSH,38.873,-77.007
744840,2024-07-01,WSH,38.873,-77.007
744841,2024-06-20,WSH,38.873,-77.007
744842,2024-06-19,WSH,38.873,-77.007
744843,2024-06-18,WSH,38.873,-77.007
744844,2024-06-06,WSH,38.873,-77.007
744845,2024-06-07,WSH,38.873,-77.007
744846,2024-06-15,WSH,38.873,-77.007
744847,2024-06-14,WSH,38.873,-77.007
744848,2024-06-08,WSH,38.873,-77.007
744849,2024-06-09,WSH,38.873,-77.007
744850,2024-06-04,WSH,38.873,-77.007
744851,2024-05-25,WSH,38.873,-77.007
744852,2024-06-05,WSH,38.873,-77.007
744853,2024-05-24,WSH,38.873,-77.007
744854,2024-06-03,WSH,38.873,-77.007
744855,2024-05-26,WSH,38.873,-77.007
744856,2024-05-22,WSH,38.873,-77.007
744857,2024-05-20,WSH,38.873,-77.007
744858,2024-05-08,WSH,38.873,-77.007
744859,2024-05-07,WSH,38.873,-77.007
744860,2024-05-21,WSH,38.873,-77.007
744861,2024-05-05,WSH,38.873,-77.007
744862,2024-05-04,WSH,38.873,-77.007
744863,2024-04-23,WSH,38.873,-77.007
744864,2024-04-24,WSH,38.873,-77.007
744865,2024-04-20,WSH,38.873,-77.007
744866,2024-04-21,WSH,38.873,-77.007
744867,2024-04-25,WSH,38.873,-77.007
744868,2024-05-03,WSH,38.873,-77.007
744869,2024-04-03,WSH,38.873,-77.007
744870,2024-04-04,WSH,38.873,-77.007
744871,2024-04-07,WSH,38.873,-77.007
744872,2024-04-19,WSH,38.873,-77.007
744873,2024-04-06,WSH,38.873,-77.007
744874,2024-04-05,WSH,38.873,-77.007
744875,2024-04-01,WSH,38.873,-77.007
744876,2024-09-24,TOR,43.641,-79.389
744877,2024-09-25,TOR,43.641,-79.389
744878,2024-09-28,TOR,43.641,-79.389
744879,2024-09-27,TOR,43.641,-79.389
744880,2024-09-29,TOR,43.641,-79.389
744881,2024-09-11,TOR,43.641,-79.389
744882,2024-09-13,TOR,43.641,-79.389
744883,2024-09-15,TOR,43.641,-79.389
744884,2024-09-14,TOR,43.641,-79.389
744885,2024-09-23,TOR,43.641,-79.389
744886,2024-09-10,TOR,43.641,-79.389
744887,2024-09-04,TOR,43.641,-79.389
744888,2024-09-09,TOR,43.641,-79.389
744889,2024-08-23,TOR,43.641,-79.389
744890,2024-08-24,TOR,43.641,-79.389
744891,2024-09-03,TOR,43.641,-79.389
744892,2024-08-25,TOR,43.641,-79.389
744893,2024-08-21,TOR,43.641,-79.389
744894,2024-08-22,TOR,43.641,-79.389
744895,2024-08-11,TOR,43.641,-79.389
744896,2024-08-20,TOR,43.641,-79.389
744897,2024-08-10,TOR,43.641,-79.389
744898,2024-08-19,TOR,43.641,-79.389
744899,2024-08-08,TOR,43.641,-79.389
744900,2024-08-09,TOR,43.641,-79.389
744901,2024-08-06,TOR,43.641,-79.389
744902,2024-07-28,TOR,43.641,-79.389
744903,2024-08-07,TOR,43.641,-79.389
744904,2024-07-23,TOR,43.641,-79.389
744905,2024-07-24,TOR,43.641,-79.389
744906,2024-07-26,TOR,43.641,-79.389
744907,2024-07-25,TOR,43.641,-79.389
744908,2024-07-27,TOR,43.641,-79.389
744909,2024-07-21,TOR,43.641,-79.389
744910,2024-07-20,TOR,43.641,-79.389
744911,2024-07-19,TOR,43.641,-79.389
744912,2024-07-04,TOR,43.641,-79.389
744913,2024-07-02,TOR,43.641,-79.389
744914,2024-07-01,TOR,43.641,-79.389
744915,2024-07-03,TOR,43.641,-79.389
744916,2024-06-30,TOR,43.641,-79.389
744917,2024-06-18,TOR,43.641,-79.389
744918,2024-06-17,TOR,43.641,-79.389
744919,2024-06-27,TOR,43.641,-79.389
744920,2024-06-19,TOR,43.641,-79.389
744921,2024-06-29,TOR,43.641,-79.389
744922,2024-06-28,TOR,43.641,-79.389
744923,2024-06-06,TOR,43.641,-79.389
744924,2024-06-14,TOR,43.641,-79.389
744925,2024-06-15,TOR,43.641,-79.389
744926,2024-06-16,TOR,43.641,-79.389
744927,2024-06-05,TOR,43.641,-79.389
744928,2024-05-31,TOR,43.641,-79.389
744929,2024-06-02,TOR,43.641,-79.389
744930,2024-06-03,TOR,43.641,-79.389
744931,2024-06-04,TOR,43.641,-79.389
744932,2024-06-01,TOR,43.641,-79.389
744933,2024-05-22,TOR,43.641,-79.389
744934,2024-05-17,TOR,43.641,-79.389
744935,2024-05-20,TOR,43.641,-79.389
744936,2024-05-21,TOR,43.641,-79.389
744937,2024-05-19,TOR,43.641,-79.389
744938,2024-05-18,TOR,43.641,-79.389
744939,2024-05-01,TOR,43.641,-79.389
744940,2024-05-10,TOR,43.641,-79.389
744941,2024-05-12,TOR,43.641,-79.389
744942,2024-04-30,TOR,43.641,-79.389
744943,2024-05-11,TOR,43.641,-79.389
744944,2024-04-16,TOR,43.641,-79.389
744945,2024-04-29,TOR,43.641,-79.389
744946,2024-04-27,TOR,43.641,-79.389
744947,2024-04-28,TOR,43.641,-79.389
744948,2024-04-17,TOR,43.641,-79.389
744949,2024-04-26,TOR,43.641,-79.389
744950,2024-04-10,TOR,43.641,-79.389
744951,2024-04-15,TOR,43.641,-79.389
744952,2024-04-14,TOR,43.641,-79.389
744953,2024-04-13,TOR,43.641,-79.389
744954,2024-04-12,TOR,43.641,-79.389
744955,2024-09-22,TEX,32.747,-97.084
744956,2024-04-08,TOR,43.641,-79.389
744957,2024-04-09,TOR,43.641,-79.389
744958,2024-09-21,TEX,32.747,-97.084
744959,2024-09-18,TEX,32.747,-97.084
744960,2024-09-20,TEX,32.747,-97.084
744961,2024-09-17,TEX,32.747,-97.084
744962,2024-09-19,TEX,32.747,-97.084
744963,2024-09-07,TEX,32.747,-97.084
744964,2024-09-04,TEX,32.747,-97.084
744965,2024-09-08,TEX,32.747,-97.084
744966,2024-09-05,TEX,32.747,-97.084
744967,2024-09-06,TEX,32.747,-97.084
744968,2024-09-03,TEX,32.747,-97.084
744969,2024-08-30,TEX,32.747,-97.084
744970,2024-09-01,TEX,32.747,-97.084
744971,2024-08-31,TEX,32.747,-97.084
744972,2024-09-02,TEX,32.747,-97.084
744973,2024-08-21,TEX,32.747,-97.084
744974,2024-08-16,TEX,32.747,-97.084
744975,2024-08-18,TEX,32.747,-97.084
744976,2024-08-19,TEX,32.747,-97.084
744977,2024-08-17,TEX,32.747,-97.084
744978,2024-08-20,TEX,32.747,-97.084
744979,2024-08-04,TEX,32.747,-97.084
744980,2024-08-15,TEX,32.747,-97.084
744981,2024-08-07,TEX,32.747,-97.084
744982,2024-08-05,TEX,32.747,-97.084
744983,2024-08-06,TEX,32.747,-97.084
744984,2024-07-25,TEX,32.747,-97.084
744985,2024-07-23,TEX,32.747,-97.084
744986,2024-08-02,TEX,32.747,-97.084
744987,2024-08-03,TEX,32.747,-97.084
744988,2024-07-22,TEX,32.747,-97.084
744989,2024-07-24,TEX,32.747,-97.084
744990,2024-07-19,TEX,32.747,-97.084
744991,2024-07-21,TEX,32.747,-97.084
744992,2024-07-05,TEX,32.747,-97.084
744993,2024-07-07,TEX,32.747,-97.084
744994,2024-07-20,TEX,32.747,-97.084
744995,2024-07-06,TEX,32.747,-97.084
744996,2024-07-04,TEX,32.747,-97.084
744997,2024-06-22,TEX,32.747,-97.084
744998,2024-07-03,TEX,32.747,-97.084
744999,2024-07-02,TEX,32.747,-97.084
745000,2024-06-23,TEX,32.747,-97.084
745001,2024-06-08,TEX,32.747,-97.084
745002,2024-06-19,TEX,32.747,-97.084
745003,2024-06-09,TEX,32.747,-97.084
745004,2024-06-18,TEX,32.747,-97.084
745005,2024-06-17,TEX,32.747,-97.084
745006,2024-06-21,TEX,32.747,-97.084
745007,2024-06-05,TEX,32.747,-97.084
745008,2024-06-07,TEX,32.747,-97.084
745009,2024-06-03,TEX,32.747,-97.084
745010,2024-06-04,TEX,32.747,-97.084
745011,2024-05-29,TEX,32.747,-97.084
745012,2024-05-19,TEX,32.747,-97.084
745013,2024-05-18,TEX,32.747,-97.084
745014,2024-05-14,TEX,32.747,-97.084
745015,2024-05-15,TEX,32.747,-97.084
745016,2024-05-17,TEX,32.747,-97.084
745017,2024-05-28,TEX,32.747,-97.084
745018,2024-04-30,TEX,32.747,-97.084
745019,2024-05-13,TEX,32.747,-97.084
745020,2024-04-27,TEX,32.747,-97.084
745021,2024-05-02,TEX,32.747,-97.084
745022,2024-04-28,TEX,32.747,-97.084
745023,2024-05-01,TEX,32.747,-97.084
745024,2024-04-10,TEX,32.747,-97.084
745025,2024-04-26,TEX,32.747,-97.084
745026,2024-04-23,TEX,32.747,-97.084
745027,2024-04-25,TEX,32.747,-97.084
745028,2024-04-24,TEX,32.747,-97.084
745029,2024-04-11,TEX,32.747,-97.084
745030,2024-04-09,TEX,32.747,-97.084
745031,2024-04-06,TEX,32.747,-97.084
745032,2024-04-07,TEX,32.747,-97.084
745033,2024-04-05,TEX,32.747,-97.084
745034,2024-04-08,TEX,32.747,-97.084
745035,2024-03-31,TEX,32.747,-97.084
745036,2024-09-22,TB,27.768,-82.653
745037,2024-03-30,TEX,32.747,-97.084
745038,2024-09-21,TB,27.768,-82.653
745039,2024-03-28,TEX,32.747,-97.084
745040,2024-09-18,TB,27.768,-82.653
745041,2024-09-19,TB,27.768,-82.653
745042,2024-09-05,TB,27.768,-82.653
745043,2024-09-20,TB,27.768,-82.653
745044,2024-09-17,TB,27.768,-82.653
745045,2024-09-04,TB,27.768,-82.653
745046,2024-09-02,TB,27.768,-82.653
745047,2024-09-03,TB,27.768,-82.653
745048,2024-09-01,TB,27.768,-82.653
745049,2024-08-17,TB,27.768,-82.653
745050,2024-08-31,TB,27.768,-82.653
745051,2024-08-18,TB,27.768,-82.653
745052,2024-08-30,TB,27.768,-82.653
745053,2024-08-14,TB,27.768,-82.653
745054,2024-08-16,TB,27.768,-82.653
745055,2024-08-13,TB,27.768,-82.653
745056,2024-08-10,TB,27.768,-82.653
745057,2024-08-11,TB,27.768,-82.653
745058,2024-08-12,TB,27.768,-82.653
745059,2024-07-27,TB,27.768,-82.653
745060,2024-07-30,TB,27.768,-82.653
745061,2024-07-31,TB,27.768,-82.653
745062,2024-08-09,TB,27.768,-82.653
745063,2024-07-28,TB,27.768,-82.653
745064,2024-07-12,TB,27.768,-82.653
745065,2024-07-11,TB,27.768,-82.653
745066,2024-07-14,TB,27.768,-82.653
745067,2024-07-13,TB,27.768,-82.653
745068,2024-07-26,TB,27.768,-82.653
745069,2024-07-10,TB,27.768,-82.653
745070,2024-06-28,TB,27.768,-82.653
745071,2024-06-29,TB,27.768,-82.653
745072,2024-06-30,TB,27.768,-82.653
745073,2024-06-26,TB,27.768,-82.653
745074,2024-07-09,TB,27.768,-82.653
745075,2024-06-13,TB,27.768,-82.653
745076,2024-06-25,TB,27.768,-82.653
745077,2024-06-11,TB,27.768,-82.653
745078,2024-06-24,TB,27.768,-82.653
745079,2024-06-12,TB,27.768,-82.653
745080,2024-06-10,TB,27.768,-82.653
745081,2024-05-30,TB,27.768,-82.653
745082,2024-06-08,TB,27.768,-82.653
745083,2024-06-07,TB,27.768,-82.653
745084,2024-05-29,TB,27.768,-82.653
745085,2024-06-09,TB,27.768,-82.653
745086,2024-05-25,TB,27.768,-82.653
745087,2024-05-24,TB,27.768,-82.653
745088,2024-05-26,TB,27.768,-82.653
745089,2024-05-22,TB,27.768,-82.653
745090,2024-05-21,TB,27.768,-82.653
745091,2024-05-28,TB,27.768,-82.653
745092,2024-05-12,TB,27.768,-82.653
745093,2024-05-20,TB,27.768,-82.653
745094,2024-05-10,TB,27.768,-82.653
745095,2024-05-07,TB,27.768,-82.653
745096,2024-05-11,TB,27.768,-82.653
745097,2024-05-08,TB,27.768,-82.653
745098,2024-05-06,TB,27.768,-82.653
745099,2024-04-24,TB,27.768,-82.653
745100,2024-05-04,TB,27.768,-82.653
745101,2024-05-03,TB,27.768,-82.653
745102,2024-04-23,TB,27.768,-82.653
745103,2024-05-05,TB,27.768,-82.653
745104,2024-04-18,TB,27.768,-82.653
745105,2024-04-17,TB,27.768,-82.653
745106,2024-04-15,TB,27.768,-82.653
745107,2024-04-22,TB,27.768,-82.653
745108,2024-04-16,TB,27.768,-82.653
745109,2024-04-01,TB,27.768,-82.653
745110,2024-04-13,TB,27.768,-82.653
745111,2024-04-02,TB,27.768,-82.653
745112,2024-04-12,TB,27.768,-82.653
745113,2024-04-14,TB,27.768,-82.653
745114,2024-04-03,TB,27.768,-82.653
745115,2024-03-31,TB,27.768,-82.653
745116,2024-03-28,TB,27.768,-82.653
745117,2024-03-29,TB,27.768,-82.653
745118,2024-09-22,STL,38.622,-90.192
745119,2024-03-30,TB,27.768,-82.653
745120,2024-09-19,STL,38.622,-90.192
745121,2024-09-18,STL,38.622,-90.192
745122,2024-09-17,STL,38.622,-90.192
745123,2024-09-20,STL,38.622,-90.192
745124,2024-09-21,STL,38.622,-90.192
745125,2024-09-07,STL,38.622,-90.192
745126,2024-09-10,STL,38.622,-90.192
745127,2024-09-11,STL,38.622,-90.192
745128,2024-09-08,STL,38.622,-90.192
745129,2024-09-12,STL,38.622,-90.192
745130,2024-09-16,STL,38.622,-90.192
745131,2024-09-06,STL,38.622,-90.192
745132,2024-08-27,STL,38.622,-90.192
745133,2024-08-26,STL,38.622,-90.192
745134,2024-08-28,STL,38.622,-90.192
745135,2024-08-29,STL,38.622,-90.192
745136,2024-08-20,STL,38.622,-90.192
745137,2024-08-22,STL,38.622,-90.192
745138,2024-08-21,STL,38.622,-90.192
745139,2024-08-18,STL,38.622,-90.192
745140,2024-08-17,STL,38.622,-90.192
745141,2024-08-06,STL,38.622,-90.192
745142,2024-08-07,STL,38.622,-90.192
745143,2024-08-08,STL,38.622,-90.192
745144,2024-08-16,STL,38.622,-90.192
745145,2024-07-28,STL,38.622,-90.192
745146,2024-07-26,STL,38.622,-90.192
745147,2024-07-29,STL,38.622,-90.192
745148,2024-07-31,STL,38.622,-90.192
745149,2024-07-30,STL,38.622,-90.192
745150,2024-07-27,STL,38.622,-90.192
745151,2024-07-14,STL,38.622,-90.192
745152,2024-07-13,STL,38.622,-90.192
745153,2024-07-12,STL,38.622,-90.192
745154,2024-06-30,STL,38.622,-90.192
745155,2024-07-10,STL,38.622,-90.192
745156,2024-07-10,STL,38.622,-90.192
745157,2024-06-26,STL,38.622,-90.192
745158,2024-06-26,STL,38.622,-90.192
745159,2024-06-29,STL,38.622,-90.192
745160,2024-06-24,STL,38.622,-90.192
745161,2024-06-28,STL,38.622,-90.192
745162,2024-06-27,STL,38.622,-90.192
745163,2024-06-22,STL,38.622,-90.192
745164,2024-06-20,STL,38.622,-90.192
745165,2024-06-23,STL,38.622,-90.192
745166,2024-06-08,STL,38.622,-90.192
745167,2024-06-09,STL,38.622,-90.192
745168,2024-06-13,STL,38.622,-90.192
745169,2024-06-07,STL,38.622,-90.192
745170,2024-06-11,STL,38.622,-90.192
745171,2024-06-12,STL,38.622,-90.192
745172,2024-05-26,STL,38.622,-90.192
745173,2024-05-22,STL,38.622,-90.192
745174,2024-06-06,STL,38.622,-90.192
745175,2024-07-13,STL,38.622,-90.192
745176,2024-05-25,STL,38.622,-90.192
745177,2024-05-18,STL,38.622,-90.192
745178,2024-05-17,STL,38.622,-90.192
745179,2024-05-19,STL,38.622,-90.192
745180,2024-05-21,STL,38.622,-90.192
745181,2024-05-20,STL,38.622,-90.192
745182,2024-05-06,STL,38.622,-90.192
745183,2024-05-04,STL,38.622,-90.192
745184,2024-08-05,STL,38.622,-90.192
745185,2024-05-05,STL,38.622,-90.192
745186,2024-05-07,STL,38.622,-90.192
745187,2024-05-03,STL,38.622,-90.192
745188,2024-04-24,STL,38.622,-90.192
745189,2024-04-19,STL,38.622,-90.192
745190,2024-04-20,STL,38.622,-90.192
745191,2024-04-22,STL,38.622,-90.192
745192,2024-04-21,STL,38.622,-90.192
745193,2024-04-23,STL,38.622,-90.192
745194,2024-04-08,STL,38.622,-90.192
745195,2024-04-09,STL,38.622,-90.192
745196,2024-04-10,STL,38.622,-90.192
745197,2024-04-06,STL,38.622,-90.192
745198,2024-04-07,STL,38.622,-90.192
745199,2024-09-18,SEA,47.59,-122.333
745200,2024-04-04,STL,38.622,-90.192
745201,2024-09-29,SEA,47.59,-122.333
745202,2024-09-27,SEA,47.59,-122.333
745203,2024-09-28,SEA,47.59,-122.333
745204,2024-09-19,SEA,47.59,-122.333
745205,2024-09-17,SEA,47.59,-122.333
745206,2024-09-15,SEA,47.59,-122.333
745207,2024-09-13,SEA,47.59,-122.333
745208,2024-09-12,SEA,47.59,-122.333
745209,2024-09-14,SEA,47.59,-122.333
745210,2024-09-10,SEA,47.59,-122.333
745211,2024-08-28,SEA,47.59,-122.333
745212,2024-08-25,SEA,47.59,-122.333
745213,2024-08-27,SEA,47.59,-122.333
745214,2024-09-11,SEA,47.59,-122.333
745215,2024-08-26,SEA,47.59,-122.333
745216,2024-08-11,SEA,47.59,-122.333
745217,2024-08-23,SEA,47.59,-122.333
745218,2024-08-24,SEA,47.59,-122.333
745219,2024-08-10,SEA,47.59,-122.333
745220,2024-08-09,SEA,47.59,-122.333
745221,2024-08-06,SEA,47.59,-122.333
745222,2024-08-04,SEA,47.59,-122.333
745223,2024-08-07,SEA,47.59,-122.333
745224,2024-08-02,SEA,47.59,-122.333
745225,2024-08-03,SEA,47.59,-122.333
745226,2024-08-08,SEA,47.59,-122.333
745227,2024-07-23,SEA,47.59,-122.333
745228,2024-07-19,SEA,47.59,-122.333
745229,2024-07-20,SEA,47.59,-122.333
745230,2024-07-21,SEA,47.59,-122.333
745231,2024-07-24,SEA,47.59,-122.333
745232,2024-07-22,SEA,47.59,-122.333
745233,2024-07-07,SEA,47.59,-122.333
745234,2024-07-03,SEA,47.59,-122.333
745235,2024-07-06,SEA,47.59,-122.333
745236,2024-07-04,SEA,47.59,-122.333
745237,2024-07-05,SEA,47.59,-122.333
745238,2024-06-28,SEA,47.59,-122.333
745239,2024-06-29,SEA,47.59,-122.333
745240,2024-07-02,SEA,47.59,-122.333
745241,2024-06-15,SEA,47.59,-122.333
745242,2024-06-16,SEA,47.59,-122.333
745243,2024-06-30,SEA,47.59,-122.333
745244,2024-06-11,SEA,47.59,-122.333
745245,2024-06-13,SEA,47.59,-122.333
745246,2024-06-12,SEA,47.59,-122.333
745247,2024-06-14,SEA,47.59,-122.333
745248,2024-06-10,SEA,47.59,-122.333
745249,2024-05-30,SEA,47.59,-122.333
745250,2024-05-29,SEA,47.59,-122.333
745251,2024-06-01,SEA,47.59,-122.333
745252,2024-06-02,SEA,47.59,-122.333
745253,2024-05-31,SEA,47.59,-122.333
745254,2024-05-27,SEA,47.59,-122.333
745255,2024-05-12,SEA,47.59,-122.333
745256,2024-05-13,SEA,47.59,-122.333
745257,2024-05-14,SEA,47.59,-122.333
745258,2024-05-28,SEA,47.59,-122.333
745259,2024-05-15,SEA,47.59,-122.333
745260,2024-04-30,SEA,47.59,-122.333
745261,2024-05-01,SEA,47.59,-122.333
745262,2024-05-11,SEA,47.59,-122.333
745263,2024-04-29,SEA,47.59,-122.333
745264,2024-05-10,SEA,47.59,-122.333
745265,2024-04-28,SEA,47.59,-122.333
745266,2024-04-27,SEA,47.59,-122.333
745267,2024-04-17,SEA,47.59,-122.333
745268,2024-04-15,SEA,47.59,-122.333
745269,2024-04-26,SEA,47.59,-122.333
745270,2024-04-16,SEA,47.59,-122.333
745271,2024-04-14,SEA,47.59,-122.333
745272,2024-04-13,SEA,47.59,-122.333
745273,2024-04-02,SEA,47.59,-122.333
745274,2024-04-12,SEA,47.59,-122.333
745275,2024-04-03,SEA,47.59,-122.333
745276,2024-03-29,SEA,47.59,-122.333
745277,2024-04-01,SEA,47.59,-122.333
745278,2024-03-30,SEA,47.59,-122.333
745279,2024-03-31,SEA,47.59,-122.333
745280,2024-09-27,SF,37.778,-122.389
745281,2024-09-28,SF,37.778,-122.389
745282,2024-09-29,SF,37.778,-122.389
745283,2024-03-28,SEA,47.59,-122.333
745284,2024-09-14,SF,37.778,-122.389
745285,2024-09-11,SF,37.778,-122.389
745286,2024-09-13,SF,37.778,-122.389
745287,2024-09-15,SF,37.778,-122.389
745288,2024-09-12,SF,37.778,-122.389
745289,2024-09-05,SF,37.778,-122.389
745290,2024-09-04,SF,37.778,-122.389
745291,2024-09-10,SF,37.778,-122.389
745292,2024-09-01,SF,37.778,-122.389
745293,2024-09-03,SF,37.778,-122.389
745294,2024-08-19,SF,37.778,-122.389
745295,2024-08-20,SF,37.778,-122.389
745296,2024-08-31,SF,37.778,-122.389
745297,2024-08-21,SF,37.778,-122.389
745298,2024-08-15,SF,37.778,-122.389
745299,2024-08-30,SF,37.778,-122.389
745300,2024-08-12,SF,37.778,-122.389
745301,2024-08-14,SF,37.778,-122.389
745302,2024-08-13,SF,37.778,-122.389
745303,2024-08-11,SF,37.778,-122.389
745304,2024-08-10,SF,37.778,-122.389
745305,2024-07-28,SF,37.778,-122.389
745306,2024-07-31,SF,37.778,-122.389
745307,2024-07-27,SF,37.778,-122.389
745308,2024-08-09,SF,37.778,-122.389
745309,2024-07-30,SF,37.778,-122.389
745310,2024-07-27,SF,37.778,-122.389
745311,2024-07-13,SF,37.778,-122.389
745312,2024-07-12,SF,37.778,-122.389
745313,2024-07-11,SF,37.778,-122.389
745314,2024-07-14,SF,37.778,-122.389
745315,2024-07-26,SF,37.778,-122.389
745316,2024-07-09,SF,37.778,-122.389
745317,2024-06-29,SF,37.778,-122.389
745318,2024-07-10,SF,37.778,-122.389
745319,2024-06-28,SF,37.778,-122.389
745320,2024-06-30,SF,37.778,-122.389
745321,2024-06-16,SF,37.778,-122.389
745322,2024-06-25,SF,37.778,-122.389
745323,2024-06-24,SF,37.778,-122.389
745324,2024-06-27,SF,37.778,-122.389
745325,2024-06-26,SF,37.778,-122.389
745326,2024-06-14,SF,37.778,-122.389
745327,2024-06-11,SF,37.778,-122.389
745328,2024-06-12,SF,37.778,-122.389
745329,2024-06-15,SF,37.778,-122.389
745330,2024-06-02,SF,37.778,-122.389
745331,2024-05-31,SF,37.778,-122.389
745332,2024-06-01,SF,37.778,-122.389
745333,2024-05-29,SF,37.778,-122.389
745334,2024-06-10,SF,37.778,-122.389
745335,2024-05-17,SF,37.778,-122.389
745336,2024-05-19,SF,37.778,-122.389
745337,2024-05-28,SF,37.778,-122.389
745338,2024-05-27,SF,37.778,-122.389
745339,2024-05-18,SF,37.778,-122.389
745340,2024-05-10,SF,37.778,-122.389
745341,2024-05-15,SF,37.778,-122.389
745342,2024-05-14,SF,37.778,-122.389
745343,2024-05-13,SF,37.778,-122.389
745344,2024-05-11,SF,37.778,-122.389
745345,2024-05-12,SF,37.778,-122.389
745346,2024-04-24,SF,37.778,-122.389
745347,2024-04-26,SF,37.778,-122.389
745348,2024-04-23,SF,37.778,-122.389
745349,2024-04-28,SF,37.778,-122.389
745350,2024-04-27,SF,37.778,-122.389
745351,2024-04-22,SF,37.778,-122.389
745352,2024-04-19,SF,37.778,-122.389
745353,2024-04-21,SF,37.778,-122.389
745354,2024-04-20,SF,37.778,-122.389
745355,2024-04-10,SF,37.778,-122.389
745356,2024-04-18,SF,37.778,-122.389
745357,2024-04-09,SF,37.778,-122.389
745358,2024-09-22,SD,32.707,-117.157
745359,2024-04-06,SF,37.778,-122.389
745360,2024-09-21,SD,32.707,-117.157
745361,2024-04-05,SF,37.778,-122.389
745362,2024-04-07,SF,37.778,-122.389
745363,2024-04-08,SF,37.778,-122.389
745364,2024-09-20,SD,32.707,-117.157
745365,2024-09-18,SD,32.707,-117.157
745366,2024-09-17,SD,32.707,-117.157
745367,2024-09-16,SD,32.707,-117.157
745368,2024-09-08,SD,32.707,-117.157
745369,2024-09-05,SD,32.707,-117.157
745370,2024-09-04,SD,32.707,-117.157
745371,2024-09-06,SD,32.707,-117.157
745372,2024-09-07,SD,32.707,-117.157
745373,2024-09-02,SD,32.707,-117.157
745374,2024-08-20,SD,32.707,-117.157
745375,2024-08-21,SD,32.707,-117.157
745376,2024-08-25,SD,32.707,-117.157
745377,2024-08-24,SD,32.707,-117.157
745378,2024-08-23,SD,32.707,-117.157
745379,2024-08-22,SD,32.707,-117.157
745380,2024-08-19,SD,32.707,-117.157
745381,2024-08-14,SD,32.707,-117.157
745382,2024-08-13,SD,32.707,-117.157
745383,2024-08-12,SD,32.707,-117.157
745384,2024-08-04,SD,32.707,-117.157
745385,2024-07-14,SD,32.707,-117.157
745386,2024-07-31,SD,32.707,-117.157
745387,2024-08-02,SD,32.707,-117.157
745388,2024-08-03,SD,32.707,-117.157
745389,2024-07-30,SD,32.707,-117.157
745390,2024-07-12,SD,32.707,-117.157
745391,2024-07-07,SD,32.707,-117.157
745392,2024-07-13,SD,32.707,-117.157
745393,2024-07-09,SD,32.707,-117.157
745394,2024-07-10,SD,32.707,-117.157
745395,2024-07-06,SD,32.707,-117.157
745396,2024-06-23,SD,32.707,-117.157
745397,2024-06-24,SD,32.707,-117.157
745398,2024-07-05,SD,32.707,-117.157
745399,2024-06-25,SD,32.707,-117.157
745400,2024-06-26,SD,32.707,-117.157
745401,2024-06-20,SD,32.707,-117.157
745402,2024-06-22,SD,32.707,-117.157
745403,2024-06-21,SD,32.707,-117.157
745404,2024-06-11,SD,32.707,-117.157
745405,2024-06-12,SD,32.707,-117.157
745406,2024-06-07,SD,32.707,-117.157
745407,2024-06-09,SD,32.707,-117.157
745408,2024-06-06,SD,32.707,-117.157
745409,2024-06-10,SD,32.707,-117.157
745410,2024-06-08,SD,32.707,-117.157
745411,2024-05-25,SD,32.707,-117.157
745412,2024-05-28,SD,32.707,-117.157
745413,2024-05-26,SD,32.707,-117.157
745414,2024-05-29,SD,32.707,-117.157
745415,2024-05-24,SD,32.707,-117.157
745416,2024-05-27,SD,32.707,-117.157
745417,2024-05-15,SD,32.707,-117.157
745418,2024-05-14,SD,32.707,-117.157
745419,2024-05-12,SD,32.707,-117.157
745420,2024-05-13,SD,32.707,-117.157
745421,2024-05-10,SD,32.707,-117.157
745422,2024-05-11,SD,32.707,-117.157
745423,2024-05-01,SD,32.707,-117.157
745424,2024-04-26,SD,32.707,-117.157
745425,2024-04-27,SD,32.707,-117.157
745426,2024-04-30,SD,32.707,-117.157
745427,2024-04-29,SD,32.707,-117.157
745428,2024-04-28,SD,32.707,-117.157
745429,2024-04-10,SD,32.707,-117.157
745430,2024-04-19,SD,32.707,-117.157
745431,2024-04-20,SD,32.707,-117.157
745432,2024-04-08,SD,32.707,-117.157
745433,2024-04-09,SD,32.707,-117.157
745434,2024-04-21,SD,32.707,-117.157
745435,2024-03-29,SD,32.707,-117.157
745436,2024-03-30,SD,32.707,-117.157
745437,2024-04-01,SD,32.707,-117.157
745438,2024-03-31,SD,32.707,-117.157
745439,2024-04-02,SD,32.707,-117.157
745440,2024-04-03,SD,32.707,-117.157
745441,2024-09-24,PIT,40.446,-80.005
745442,2024-09-25,PIT,40.446,-80.005
745443,2024-09-26,PIT,40.446,-80.005
745445,2024-03-28,SD,32.707,-117.157
745446,2024-09-10,PIT,40.446,-80.005
745447,2024-09-13,PIT,40.446,-80.005
745448,2024-09-14,PIT,40.446,-80.005
745449,2024-09-15,PIT,40.446,-80.005
745450,2024-09-11,PIT,40.446,-80.005
745451,2024-09-05,PIT,40.446,-80.005
745452,2024-08-28,PIT,40.446,-80.005
745453,2024-09-08,PIT,40.446,-80.005
745454,2024-09-09,PIT,40.446,-80.005
745455,2024-09-07,PIT,40.446,-80.005
745456,2024-09-07,PIT,40.446,-80.005
745457,2024-08-24,PIT,40.446,-80.005
745458,2024-08-26,PIT,40.446,-80.005
745459,2024-08-25,PIT,40.446,-80.005
745460,2024-08-23,PIT,40.446,-80.005
745461,2024-08-27,PIT,40.446,-80.005
745462,2024-08-16,PIT,40.446,-80.005
745463,2024-08-17,PIT,40.446,-80.005
745464,2024-08-18,PIT,40.446,-80.005
745465,2024-08-22,PIT,40.446,-80.005
745466,2024-08-08,PIT,40.446,-80.005
745467,2024-08-06,PIT,40.446,-80.005
745468,2024-08-04,PIT,40.446,-80.005
745469,2024-08-07,PIT,40.446,-80.005
745470,2024-07-21,PIT,40.446,-80.005
745471,2024-08-02,PIT,40.446,-80.005
745472,2024-07-24,PIT,40.446,-80.005
745473,2024-07-22,PIT,40.446,-80.005
745474,2024-08-03,PIT,40.446,-80.005
745475,2024-07-23,PIT,40.446,-80.005
745476,2024-07-06,PIT,40.446,-80.005
745477,2024-07-07,PIT,40.446,-80.005
745478,2024-07-20,PIT,40.446,-80.005
745479,2024-07-05,PIT,40.446,-80.005
745480,2024-07-08,PIT,40.446,-80.005
745481,2024-07-19,PIT,40.446,-80.005
745482,2024-07-02,PIT,40.446,-80.005
745483,2024-06-21,PIT,40.446,-80.005
745484,2024-07-04,PIT,40.446,-80.005
745485,2024-06-23,PIT,40.446,-80.005
745486,2024-06-22,PIT,40.446,-80.005
745487,2024-07-03,PIT,40.446,-80.005
745488,2024-06-18,PIT,40.446,-80.005
745489,2024-06-19,PIT,40.446,-80.005
745490,2024-06-17,PIT,40.446,-80.005
745491,2024-06-09,PIT,40.446,-80.005
745492,2024-06-08,PIT,40.446,-80.005
745493,2024-05-25,PIT,40.446,-80.005
745494,2024-06-05,PIT,40.446,-80.005
745495,2024-06-06,PIT,40.446,-80.005
745496,2024-06-07,PIT,40.446,-80.005
745497,2024-06-04,PIT,40.446,-80.005
745498,2024-05-26,PIT,40.446,-80.005
745499,2024-05-12,PIT,40.446,-80.005
745500,2024-05-23,PIT,40.446,-80.005
745501,2024-05-24,PIT,40.446,-80.005
745502,2024-05-22,PIT,40.446,-80.005
745503,2024-05-21,PIT,40.446,-80.005
745504,2024-05-05,PIT,40.446,-80.005
745505,2024-05-11,PIT,40.446,-80.005
745506,2024-05-10,PIT,40.446,-80.005
745507,2024-05-08,PIT,40.446,-80.005
745508,2024-05-07,PIT,40.446,-80.005
745509,2024-05-06,PIT,40.446,-80.005
745510,2024-05-03,PIT,40.446,-80.005
745511,2024-05-04,PIT,40.446,-80.005
745512,2024-04-25,PIT,40.446,-80.005
745513,2024-04-24,PIT,40.446,-80.005
745514,2024-04-21,PIT,40.446,-80.005
745515,2024-04-20,PIT,40.446,-80.005
745516,2024-04-23,PIT,40.446,-80.005
745517,2024-04-09,PIT,40.446,-80.005
745518,2024-04-19,PIT,40.446,-80.005
745519,2024-04-22,PIT,40.446,-80.005
745520,2024-04-08,PIT,40.446,-80.005
745521,2024-09-25,PHI,39.905,-75.166
745522,2024-04-06,PIT,40.446,-80.005
745523,2024-04-07,PIT,40.446,-80.005
745524,2024-04-05,PIT,40.446,-80.005
745525,2024-09-11,PHI,39.905,-75.166
745526,2024-09-24,PHI,39.905,-75.166
745527,2024-09-23,PHI,39.905,-75.166
745528,2024-09-14,PHI,39.905,-75.166
745529,2024-09-13,PHI,39.905,-75.166
745530,2024-09-15,PHI,39.905,-75.166
745531,2024-08-29,PHI,39.905,-75.166
745532,2024-08-31,PHI,39.905,-75.166
745533,2024-08-30,PHI,39.905,-75.166
745534,2024-09-09,PHI,39.905,-75.166
745535,2024-09-10,PHI,39.905,-75.166
745536,2024-09-01,PHI,39.905,-75.166
745537,2024-08-17,PHI,39.905,-75.166
745538,2024-08-26,PHI,39.905,-75.166
745539,2024-08-18,PHI,39.905,-75.166
745540,2024-08-27,PHI,39.905,-75.166
745541,2024-08-28,PHI,39.905,-75.166
745542,2024-08-16,PHI,39.905,-75.166
745543,2024-07-31,PHI,39.905,-75.166
745544,2024-08-14,PHI,39.905,-75.166
745545,2024-08-15,PHI,39.905,-75.166
745546,2024-07-30,PHI,39.905,-75.166
745547,2024-07-29,PHI,39.905,-75.166
745548,2024-08-13,PHI,39.905,-75.166
745549,2024-07-13,PHI,39.905,-75.166
745550,2024-07-28,PHI,39.905,-75.166
745551,2024-07-14,PHI,39.905,-75.166
745552,2024-07-12,PHI,39.905,-75.166
745553,2024-07-27,PHI,39.905,-75.166
745554,2024-07-26,PHI,39.905,-75.166
745555,2024-06-30,PHI,39.905,-75.166
745556,2024-07-10,PHI,39.905,-75.166
745557,2024-07-09,PHI,39.905,-75.166
745558,2024-07-11,PHI,39.905,-75.166
745559,2024-06-29,PHI,39.905,-75.166
745560,2024-06-28,PHI,39.905,-75.166
745561,2024-06-19,PHI,39.905,-75.166
745562,2024-06-21,PHI,39.905,-75.166
745563,2024-06-18,PHI,39.905,-75.166
745564,2024-06-22,PHI,39.905,-75.166
745565,2024-06-27,PHI,39.905,-75.166
745566,2024-06-23,PHI,39.905,-75.166
745567,2024-06-17,PHI,39.905,-75.166
745568,2024-06-04,PHI,39.905,-75.166
745569,2024-06-03,PHI,39.905,-75.166
745570,2024-06-05,PHI,39.905,-75.166
745571,2024-06-09,PHI,39.905,-75.166
745572,2024-06-02,PHI,39.905,-75.166
745573,2024-05-23,PHI,39.905,-75.166
745574,2024-05-31,PHI,39.905,-75.166
745575,2024-06-01,PHI,39.905,-75.166
745576,2024-05-22,PHI,39.905,-75.166
745577,2024-05-19,PHI,39.905,-75.166
745578,2024-05-21,PHI,39.905,-75.166
745579,2024-05-17,PHI,39.905,-75.166
745580,2024-05-16,PHI,39.905,-75.166
745581,2024-05-18,PHI,39.905,-75.166
745582,2024-05-15,PHI,39.905,-75.166
745583,2024-05-04,PHI,39.905,-75.166
745584,2024-05-08,PHI,39.905,-75.166
745585,2024-05-06,PHI,39.905,-75.166
745586,2024-05-07,PHI,39.905,-75.166
745587,2024-05-05,PHI,39.905,-75.166
745588,2024-04-21,PHI,39.905,-75.166
745589,2024-05-03,PHI,39.905,-75.166
745590,2024-04-20,PHI,39.905,-75.166
745591,2024-04-17,PHI,39.905,-75.166
745592,2024-04-19,PHI,39.905,-75.166
745593,2024-04-16,PHI,39.905,-75.166
745594,2024-04-13,PHI,39.905,-75.166
745595,2024-04-14,PHI,39.905,-75.166
745596,2024-04-12,PHI,39.905,-75.166
745597,2024-04-15,PHI,39.905,-75.166
745598,2024-04-02,PHI,39.905,-75.166
745599,2024-03-30,PHI,39.905,-75.166
745600,2024-04-01,PHI,39.905,-75.166
745601,2024-04-11,PHI,39.905,-75.166
745602,2024-03-31,PHI,39.905,-75.166
745603,2024-04-03,PHI,39.905,-75.166
745604,2024-03-29,PHI,39.905,-75.166
745605,2024-09-24,OAK,37.751,-122.201
745606,2024-09-20,OAK,37.751,-122.201
745607,2024-09-25,OAK,37.751,-122.201
745608,2024-09-22,OAK,37.751,-122.201
745609,2024-09-26,OAK,37.751,-122.201
745610,2024-09-21,OAK,37.751,-122.201
745611,2024-09-06,OAK,37.751,-122.201
745612,2024-09-05,OAK,37.751,-122.201
745613,2024-09-07,OAK,37.751,-122.201
745614,2024-09-04,OAK,37.751,-122.201
745615,2024-09-03,OAK,37.751,-122.201
745616,2024-09-08,OAK,37.751,-122.201
745617,2024-08-24,OAK,37.751,-122.201
745618,2024-08-25,OAK,37.751,-122.201
745619,2024-09-02,OAK,37.751,-122.201
745620,2024-08-19,OAK,37.751,-122.201
745621,2024-08-18,OAK,37.751,-122.201
745622,2024-08-21,OAK,37.751,-122.201
745623,2024-08-22,OAK,37.751,-122.201
745624,2024-08-20,OAK,37.751,-122.201
745625,2024-08-23,OAK,37.751,-122.201
745626,2024-08-17,OAK,37.751,-122.201
745627,2024-08-04,OAK,37.751,-122.201
745628,2024-08-05,OAK,37.751,-122.201
745629,2024-08-06,OAK,37.751,-122.201
745630,2024-08-07,OAK,37.751,-122.201
745631,2024-08-02,OAK,37.751,-122.201
745632,2024-07-23,OAK,37.751,-122.201
745633,2024-07-21,OAK,37.751,-122.201
745634,2024-07-24,OAK,37.751,-122.201
745635,2024-07-22,OAK,37.751,-122.201
745636,2024-08-03,OAK,37.751,-122.201
745637,2024-07-07,OAK,37.751,-122.201
745638,2024-07-20,OAK,37.751,-122.201
745639,2024-07-05,OAK,37.751,-122.201
745640,2024-07-19,OAK,37.751,-122.201
745641,2024-07-04,OAK,37.751,-122.201
745642,2024-07-06,OAK,37.751,-122.201
745643,2024-07-03,OAK,37.751,-122.201
745644,2024-06-22,OAK,37.751,-122.201
745645,2024-06-20,OAK,37.751,-122.201
745646,2024-06-19,OAK,37.751,-122.201
745647,2024-07-02,OAK,37.751,-122.201
745648,2024-06-23,OAK,37.751,-122.201
745649,2024-06-21,OAK,37.751,-122.201
745650,2024-06-18,OAK,37.751,-122.201
745651,2024-06-09,OAK,37.751,-122.201
745652,2024-06-08,OAK,37.751,-122.201
745653,2024-05-26,OAK,37.751,-122.201
745654,2024-06-05,OAK,37.751,-122.201
745655,2024-06-07,OAK,37.751,-122.201
745656,2024-06-04,OAK,37.751,-122.201
745657,2024-06-06,OAK,37.751,-122.201
745658,2024-05-25,OAK,37.751,-122.201
745659,2024-05-08,OAK,37.751,-122.201
745660,2024-05-23,OAK,37.751,-122.201
745661,2024-05-22,OAK,37.751,-122.201
745662,2024-05-21,OAK,37.751,-122.201
745663,2024-05-24,OAK,37.751,-122.201
745664,2024-05-08,OAK,37.751,-122.201
745665,2024-05-03,OAK,37.751,-122.201
745666,2024-05-04,OAK,37.751,-122.201
745667,2024-05-05,OAK,37.751,-122.201
745668,2024-05-07,OAK,37.751,-122.201
745669,2024-05-06,OAK,37.751,-122.201
745670,2024-05-01,OAK,37.751,-122.201
745671,2024-04-17,OAK,37.751,-122.201
745672,2024-04-29,OAK,37.751,-122.201
745673,2024-04-30,OAK,37.751,-122.201
745674,2024-04-16,OAK,37.751,-122.201
745675,2024-04-01,OAK,37.751,-122.201
745676,2024-04-13,OAK,37.751,-122.201
745677,2024-04-15,OAK,37.751,-122.201
745678,2024-04-03,OAK,37.751,-122.201
745679,2024-04-12,OAK,37.751,-122.201
745680,2024-04-02,OAK,37.751,-122.201
745681,2024-04-14,OAK,37.751,-122.201
745682,2024-03-29,OAK,37.751,-122.201
745683,2024-03-31,OAK,37.751,-122.201
745684,2024-03-30,OAK,37.751,-122.201
745685,2024-09-28,NYY,40.829,-73.925
745686,2024-09-29,NYY,40.829,-73.925
745687,2024-03-28,OAK,37.751,-122.201
745688,2024-09-24,NYY,40.829,-73.925
745689,2024-09-14,NYY,40.829,-73.925
745690,2024-09-25,NYY,40.829,-73.925
745691,2024-09-26,NYY,40.829,-73.925
745692,2024-09-27,NYY,40.829,-73.925
745693,2024-09-15,NYY,40.829,-73.925
745694,2024-09-10,NYY,40.829,-73.925
745695,2024-09-12,NYY,40.829,-73.925
745696,2024-09-13,NYY,40.829,-73.925
745697,2024-09-11,NYY,40.829,-73.925
745698,2024-09-09,NYY,40.829,-73.925
745699,2024-08-31,NYY,40.829,-73.925
745700,2024-08-30,NYY,40.829,-73.925
745701,2024-09-01,NYY,40.829,-73.925
745702,2024-08-23,NYY,40.829,-73.925
745703,2024-08-24,NYY,40.829,-73.925
745704,2024-08-21,NYY,40.829,-73.925
745705,2024-08-22,NYY,40.829,-73.925
745706,2024-08-25,NYY,40.829,-73.925
745707,2024-08-20,NYY,40.829,-73.925
745708,2024-08-10,NYY,40.829,-73.925
745709,2024-08-07,NYY,40.829,-73.925
745710,2024-08-08,NYY,40.829,-73.925
745711,2024-08-11,NYY,40.829,-73.925
745712,2024-08-10,NYY,40.829,-73.925
745713,2024-08-07,NYY,40.829,-73.925
745714,2024-08-03,NYY,40.829,-73.925
745715,2024-07-23,NYY,40.829,-73.925
745716,2024-07-24,NYY,40.829,-73.925
745717,2024-07-22,NYY,40.829,-73.925
745718,2024-08-04,NYY,40.829,-73.925
745719,2024-08-02,NYY,40.829,-73.925
745720,2024-07-20,NYY,40.829,-73.925
745721,2024-07-19,NYY,40.829,-73.925
745722,2024-07-21,NYY,40.829,-73.925
745723,2024-07-07,NYY,40.829,-73.925
745724,2024-07-06,NYY,40.829,-73.925
745725,2024-07-05,NYY,40.829,-73.925
745726,2024-07-04,NYY,40.829,-73.925
745727,2024-06-23,NYY,40.829,-73.925
745728,2024-07-03,NYY,40.829,-73.925
745729,2024-06-21,NYY,40.829,-73.925
745730,2024-07-02,NYY,40.829,-73.925
745731,2024-06-22,NYY,40.829,-73.925
745732,2024-06-19,NYY,40.829,-73.925
745733,2024-06-18,NYY,40.829,-73.925
745734,2024-06-20,NYY,40.829,-73.925
745735,2024-06-08,NYY,40.829,-73.925
745736,2024-06-09,NYY,40.829,-73.925
745737,2024-06-07,NYY,40.829,-73.925
745738,2024-06-06,NYY,40.829,-73.925
745739,2024-06-04,NYY,40.829,-73.925
745740,2024-06-05,NYY,40.829,-73.925
745741,2024-05-23,NYY,40.829,-73.925
745742,2024-05-21,NYY,40.829,-73.925
745743,2024-05-22,NYY,40.829,-73.925
745744,2024-05-18,NYY,40.829,-73.925
745745,2024-05-19,NYY,40.829,-73.925
745746,2024-05-20,NYY,40.829,-73.925
745747,2024-05-17,NYY,40.829,-73.925
745748,2024-05-09,NYY,40.829,-73.925
745749,2024-05-08,NYY,40.829,-73.925
745750,2024-05-04,NYY,40.829,-73.925
745751,2024-05-05,NYY,40.829,-73.925
745752,2024-05-07,NYY,40.829,-73.925
745753,2024-04-24,NYY,40.829,-73.925
745754,2024-04-23,NYY,40.829,-73.925
745755,2024-04-25,NYY,40.829,-73.925
745756,2024-05-03,NYY,40.829,-73.925
745757,2024-04-22,NYY,40.829,-73.925
745758,2024-04-19,NYY,40.829,-73.925
745759,2024-04-21,NYY,40.829,-73.925
745760,2024-04-20,NYY,40.829,-73.925
745761,2024-04-08,NYY,40.829,-73.925
745762,2024-04-09,NYY,40.829,-73.925
745763,2024-04-10,NYY,40.829,-73.925
745764,2024-04-05,NYY,40.829,-73.925
745765,2024-04-07,NYY,40.829,-73.925
745766,2024-04-06,NYY,40.829,-73.925
745767,2024-09-22,NYM,40.757,-73.846
745768,2024-09-21,NYM,40.757,-73.846
745769,2024-09-19,NYM,40.757,-73.846
745770,2024-09-20,NYM,40.757,-73.846
745771,2024-09-18,NYM,40.757,-73.846
745772,2024-09-17,NYM,40.757,-73.846
745773,2024-09-16,NYM,40.757,-73.846
745774,2024-09-08,NYM,40.757,-73.846
745775,2024-09-07,NYM,40.757,-73.846
745776,2024-09-04,NYM,40.757,-73.846
745777,2024-09-06,NYM,40.757,-73.846
745778,2024-09-03,NYM,40.757,-73.846
745779,2024-09-02,NYM,40.757,-73.846
745780,2024-08-19,NYM,40.757,-73.846
745781,2024-08-21,NYM,40.757,-73.846
745782,2024-08-20,NYM,40.757,-73.846
745783,2024-08-15,NYM,40.757,-73.846
745784,2024-08-16,NYM,40.757,-73.846
745785,2024-08-17,NYM,40.757,-73.846
745786,2024-08-18,NYM,40.757,-73.846
745787,2024-07-30,NYM,40.757,-73.846
745788,2024-08-13,NYM,40.757,-73.846
745789,2024-07-31,NYM,40.757,-73.846
745790,2024-08-14,NYM,40.757,-73.846
745791,2024-07-29,NYM,40.757,-73.846
745792,2024-07-26,NYM,40.757,-73.846
745793,2024-07-27,NYM,40.757,-73.846
745794,2024-07-25,NYM,40.757,-73.846
745795,2024-07-28,NYM,40.757,-73.846
745796,2024-07-10,NYM,40.757,-73.846
745797,2024-07-14,NYM,40.757,-73.846
745798,2024-07-13,NYM,40.757,-73.846
745799,2024-07-11,NYM,40.757,-73.846
745800,2024-07-12,NYM,40.757,-73.846
745801,2024-06-29,NYM,40.757,-73.846
745802,2024-06-30,NYM,40.757,-73.846
745803,2024-07-09,NYM,40.757,-73.846
745804,2024-06-28,NYM,40.757,-73.846
745805,2024-06-15,NYM,40.757,-73.846
745806,2024-06-25,NYM,40.757,-73.846
745807,2024-06-16,NYM,40.757,-73.846
745808,2024-06-26,NYM,40.757,-73.846
745809,2024-06-13,NYM,40.757,-73.846
745810,2024-06-14,NYM,40.757,-73.846
745811,2024-06-12,NYM,40.757,-73.846
745812,2024-06-01,NYM,40.757,-73.846
745813,2024-06-02,NYM,40.757,-73.846
745814,2024-06-08,NYM,40.757,-73.846
745815,2024-06-11,NYM,40.757,-73.846
745816,2024-05-28,NYM,40.757,-73.846
745817,2024-05-29,NYM,40.757,-73.846
745818,2024-05-28,NYM,40.757,-73.846
745819,2024-05-30,NYM,40.757,-73.846
745820,2024-05-31,NYM,40.757,-73.846
745821,2024-05-14,NYM,40.757,-73.846
745822,2024-05-24,NYM,40.757,-73.846
745823,2024-05-25,NYM,40.757,-73.846
745824,2024-05-26,NYM,40.757,-73.846
745825,2024-05-12,NYM,40.757,-73.846
745826,2024-05-13,NYM,40.757,-73.846
745827,2024-05-10,NYM,40.757,-73.846
745828,2024-05-11,NYM,40.757,-73.846
745829,2024-05-01,NYM,40.757,-73.846
745830,2024-05-02,NYM,40.757,-73.846
745831,2024-04-30,NYM,40.757,-73.846
745832,2024-04-29,NYM,40.757,-73.846
745833,2024-04-27,NYM,40.757,-73.846
745834,2024-04-28,NYM,40.757,-73.846
745835,2024-04-26,NYM,40.757,-73.846
745836,2024-04-17,NYM,40.757,-73.846
745837,2024-04-16,NYM,40.757,-73.846
745838,2024-04-12,NYM,40.757,-73.846
745839,2024-04-13,NYM,40.757,-73.846
745840,2024-04-15,NYM,40.757,-73.846
745841,2024-04-14,NYM,40.757,-73.846
745842,2024-04-01,NYM,40.757,-73.846
745843,2024-04-04,NYM,40.757,-73.846
745844,2024-04-04,NYM,40.757,-73.846
745845,2024-03-31,NYM,40.757,-73.846
745846,2024-09-29,MIN,44.981,-93.278
745847,2024-09-27,MIN,44.981,-93.278
745848,2024-03-29,NYM,40.757,-73.846
745849,2024-09-28,MIN,44.981,-93.278
745850,2024-03-30,NYM,40.757,-73.846
745851,2024-09-24,MIN,44.981,-93.278
745852,2024-09-15,MIN,44.981,-93.278
745853,2024-09-26,MIN,44.981,-93.278
745854,2024-09-25,MIN,44.981,-93.278
745855,2024-09-13,MIN,44.981,-93.278
745856,2024-09-10,MIN,44.981,-93.278
745857,2024-09-11,MIN,44.981,-93.278
745858,2024-09-14,MIN,44.981,-93.278
745859,2024-08-31,MIN,44.981,-93.278
745860,2024-09-09,MIN,44.981,-93.278
745861,2024-09-01,MIN,44.981,-93.278
745862,2024-08-30,MIN,44.981,-93.278
745863,2024-08-25,MIN,44.981,-93.278
745864,2024-08-27,MIN,44.981,-93.278
745865,2024-08-26,MIN,44.981,-93.278
745866,2024-08-28,MIN,44.981,-93.278
745867,2024-08-13,MIN,44.981,-93.278
745868,2024-08-24,MIN,44.981,-93.278
745869,2024-08-14,MIN,44.981,-93.278
745870,2024-08-23,MIN,44.981,-93.278
745871,2024-08-09,MIN,44.981,-93.278
745872,2024-08-11,MIN,44.981,-93.278
745873,2024-08-10,MIN,44.981,-93.278
745874,2024-08-12,MIN,44.981,-93.278
745875,2024-08-02,MIN,44.981,-93.278
745876,2024-08-03,MIN,44.981,-93.278
745877,2024-07-24,MIN,44.981,-93.278
745878,2024-07-23,MIN,44.981,-93.278
745879,2024-08-04,MIN,44.981,-93.278
745880,2024-07-20,MIN,44.981,-93.278
745881,2024-07-22,MIN,44.981,-93.278
745882,2024-07-21,MIN,44.981,-93.278
745883,2024-07-07,MIN,44.981,-93.278
745884,2024-07-05,MIN,44.981,-93.278
745885,2024-07-06,MIN,44.981,-93.278
745886,2024-07-02,MIN,44.981,-93.278
745887,2024-06-19,MIN,44.981,-93.278
745888,2024-07-03,MIN,44.981,-93.278
745889,2024-06-20,MIN,44.981,-93.278
745890,2024-07-04,MIN,44.981,-93.278
745891,2024-06-16,MIN,44.981,-93.278
745892,2024-06-14,MIN,44.981,-93.278
745893,2024-06-18,MIN,44.981,-93.278
745894,2024-06-13,MIN,44.981,-93.278
745895,2024-06-16,MIN,44.981,-93.278
745896,2024-06-12,MIN,44.981,-93.278
745897,2024-06-10,MIN,44.981,-93.278
745898,2024-05-30,MIN,44.981,-93.278
745899,2024-06-11,MIN,44.981,-93.278
745900,2024-05-29,MIN,44.981,-93.278
745901,2024-05-25,MIN,44.981,-93.278
745902,2024-05-26,MIN,44.981,-93.278
745903,2024-05-28,MIN,44.981,-93.278
745904,2024-05-27,MIN,44.981,-93.278
745905,2024-05-24,MIN,44.981,-93.278
745906,2024-05-08,MIN,44.981,-93.278
745907,2024-05-16,MIN,44.981,-93.278
745908,2024-05-15,MIN,44.981,-93.278
745909,2024-05-14,MIN,44.981,-93.278
745910,2024-05-09,MIN,44.981,-93.278
745911,2024-05-04,MIN,44.981,-93.278
745912,2024-05-06,MIN,44.981,-93.278
745913,2024-05-05,MIN,44.981,-93.278
745914,2024-05-03,MIN,44.981,-93.278
745915,2024-05-07,MIN,44.981,-93.278
745916,2024-04-22,MIN,44.981,-93.278
745917,2024-04-23,MIN,44.981,-93.278
745918,2024-04-25,MIN,44.981,-93.278
745919,2024-04-24,MIN,44.981,-93.278
745920,2024-04-21,MIN,44.981,-93.278
745921,2024-04-20,MIN,44.981,-93.278
745922,2024-04-19,MIN,44.981,-93.278
745923,2024-04-10,MIN,44.981,-93.278
745924,2024-04-09,MIN,44.981,-93.278
745925,2024-04-08,MIN,44.981,-93.278
745926,2024-04-06,MIN,44.981,-93.278
745927,2024-08-09,MIN,44.981,-93.278
745928,2024-04-04,MIN,44.981,-93.278
745929,2024-09-22,MIL,43.028,-87.971
745930,2024-09-27,MIL,43.028,-87.971
745931,2024-09-28,MIL,43.028,-87.971
745932,2024-09-29,MIL,43.028,-87.971
745933,2024-09-18,MIL,43.028,-87.971
745934,2024-09-20,MIL,43.028,-87.971
745935,2024-09-17,MIL,43.028,-87.971
745936,2024-09-21,MIL,43.028,-87.971
745937,2024-09-19,MIL,43.028,-87.971
745938,2024-09-04,MIL,43.028,-87.971
745939,2024-09-16,MIL,43.028,-87.971
745940,2024-09-08,MIL,43.028,-87.971
745941,2024-09-06,MIL,43.028,-87.971
745942,2024-09-07,MIL,43.028,-87.971
745943,2024-08-28,MIL,43.028,-87.971
745944,2024-09-03,MIL,43.028,-87.971
745945,2024-08-29,MIL,43.028,-87.971
745946,2024-08-27,MIL,43.028,-87.971
745947,2024-09-02,MIL,43.028,-87.971
745948,2024-08-18,MIL,43.028,-87.971
745949,2024-08-16,MIL,43.028,-87.971
745950,2024-08-15,MIL,43.028,-87.971
745951,2024-08-14,MIL,43.028,-87.971
745952,2024-08-17,MIL,43.028,-87.971
745953,2024-08-12,MIL,43.028,-87.971
745954,2024-08-13,MIL,43.028,-87.971
745955,2024-08-10,MIL,43.028,-87.971
745956,2024-08-11,MIL,43.028,-87.971
745957,2024-08-09,MIL,43.028,-87.971
745958,2024-07-30,MIL,43.028,-87.971
745959,2024-07-29,MIL,43.028,-87.971
745960,2024-07-31,MIL,43.028,-87.971
745961,2024-07-28,MIL,43.028,-87.971
745962,2024-07-14,MIL,43.028,-87.971
745963,2024-07-13,MIL,43.028,-87.971
745964,2024-07-26,MIL,43.028,-87.971
745965,2024-07-12,MIL,43.028,-87.971
745966,2024-07-27,MIL,43.028,-87.971
745967,2024-07-11,MIL,43.028,-87.971
745968,2024-07-09,MIL,43.028,-87.971
745969,2024-07-10,MIL,43.028,-87.971
745970,2024-06-28,MIL,43.028,-87.971
745971,2024-06-30,MIL,43.028,-87.971
745972,2024-06-29,MIL,43.028,-87.971
745973,2024-06-25,MIL,43.028,-87.971
745974,2024-06-24,MIL,43.028,-87.971
745975,2024-06-26,MIL,43.028,-87.971
745976,2024-06-15,MIL,43.028,-87.971
745977,2024-06-16,MIL,43.028,-87.971
745978,2024-06-12,MIL,43.028,-87.971
745979,2024-06-14,MIL,43.028,-87.971
745980,2024-06-01,MIL,43.028,-87.971
745981,2024-06-11,MIL,43.028,-87.971
745982,2024-06-10,MIL,43.028,-87.971
745983,2024-05-31,MIL,43.028,-87.971
745984,2024-06-02,MIL,43.028,-87.971
745985,2024-05-30,MIL,43.028,-87.971
745986,2024-05-27,MIL,43.028,-87.971
745987,2024-05-28,MIL,43.028,-87.971
745988,2024-05-29,MIL,43.028,-87.971
745989,2024-05-14,MIL,43.028,-87.971
745990,2024-05-12,MIL,43.028,-87.971
745991,2024-05-13,MIL,43.028,-87.971
745992,2024-05-15,MIL,43.028,-87.971
745993,2024-05-10,MIL,43.028,-87.971
745994,2024-05-11,MIL,43.028,-87.971
745995,2024-05-09,MIL,43.028,-87.971
745996,2024-05-01,MIL,43.028,-87.971
745997,2024-04-30,MIL,43.028,-87.971
745998,2024-04-27,MIL,43.028,-87.971
745999,2024-04-29,MIL,43.028,-87.971
746000,2024-04-26,MIL,43.028,-87.971
746001,2024-04-28,MIL,43.028,-87.971
746002,2024-04-15,MIL,43.028,-87.971
746003,2024-04-07,MIL,43.028,-87.971
746004,2024-04-16,MIL,43.028,-87.971
746005,2024-04-17,MIL,43.028,-87.971
746006,2024-04-06,MIL,43.028,-87.971
746007,2024-04-05,MIL,43.028,-87.971
746008,2024-04-03,MIL,43.028,-87.971
746009,2024-04-02,MIL,43.028,-87.971
746010,2024-09-22,MIA,25.778,-80.219
746011,2024-09-19,MIA,25.778,-80.219
746012,2024-09-21,MIA,25.778,-80.219
746013,2024-09-20,MIA,25.778,-80.219
746014,2024-09-18,MIA,25.778,-80.219
746015,2024-09-17,MIA,25.778,-80.219
746016,2024-09-06,MIA,25.778,-80.219
746017,2024-09-08,MIA,25.778,-80.219
746018,2024-09-07,MIA,25.778,-80.219
746019,2024-09-04,MIA,25.778,-80.219
746020,2024-09-03,MIA,25.778,-80.219
746021,2024-09-05,MIA,25.778,-80.219
746022,2024-08-24,MIA,25.778,-80.219
746023,2024-08-25,MIA,25.778,-80.219
746024,2024-08-23,MIA,25.778,-80.219
746025,2024-08-11,MIA,25.778,-80.219
746026,2024-08-10,MIA,25.778,-80.219
746027,2024-08-19,MIA,25.778,-80.219
746028,2024-08-21,MIA,25.778,-80.219
746029,2024-08-20,MIA,25.778,-80.219
746030,2024-08-08,MIA,25.778,-80.219
746031,2024-08-07,MIA,25.778,-80.219
746032,2024-08-09,MIA,25.778,-80.219
746033,2024-08-06,MIA,25.778,-80.219
746034,2024-07-22,MIA,25.778,-80.219
746035,2024-07-24,MIA,25.778,-80.219
746036,2024-07-23,MIA,25.778,-80.219
746037,2024-07-25,MIA,25.778,-80.219
746038,2024-08-05,MIA,25.778,-80.219
746039,2024-07-07,MIA,25.778,-80.219
746040,2024-07-19,MIA,25.778,-80.219
746041,2024-07-20,MIA,25.778,-80.219
746042,2024-07-21,MIA,25.778,-80.219
746043,2024-07-04,MIA,25.778,-80.219
746044,2024-07-06,MIA,25.778,-80.219
746045,2024-07-03,MIA,25.778,-80.219
746046,2024-07-05,MIA,25.778,-80.219
746047,2024-07-02,MIA,25.778,-80.219
746048,2024-06-22,MIA,25.778,-80.219
746049,2024-06-18,MIA,25.778,-80.219
746050,2024-06-19,MIA,25.778,-80.219
746051,2024-06-23,MIA,25.778,-80.219
746052,2024-06-21,MIA,25.778,-80.219
746053,2024-06-07,MIA,25.778,-80.219
746054,2024-06-09,MIA,25.778,-80.219
746055,2024-06-17,MIA,25.778,-80.219
746056,2024-06-05,MIA,25.778,-80.219
746057,2024-06-08,MIA,25.778,-80.219
746058,2024-05-21,MIA,25.778,-80.219
746059,2024-05-31,MIA,25.778,-80.219
746060,2024-06-04,MIA,25.778,-80.219
746061,2024-06-02,MIA,25.778,-80.219
746062,2024-06-01,MIA,25.778,-80.219
746063,2024-05-22,MIA,25.778,-80.219
746064,2024-05-19,MIA,25.778,-80.219
746065,2024-05-17,MIA,25.778,-80.219
746066,2024-05-20,MIA,25.778,-80.219
746067,2024-05-18,MIA,25.778,-80.219
746068,2024-05-12,MIA,25.778,-80.219
746069,2024-05-11,MIA,25.778,-80.219
746070,2024-05-02,MIA,25.778,-80.219
746071,2024-05-10,MIA,25.778,-80.219
746072,2024-05-01,MIA,25.778,-80.219
746073,2024-04-30,MIA,25.778,-80.219
746074,2024-04-29,MIA,25.778,-80.219
746075,2024-04-27,MIA,25.778,-80.219
746076,2024-04-17,MIA,25.778,-80.219
746077,2024-04-28,MIA,25.778,-80.219
746078,2024-04-26,MIA,25.778,-80.219
746079,2024-04-14,MIA,25.778,-80.219
746080,2024-04-15,MIA,25.778,-80.219
746081,2024-04-16,MIA,25.778,-80.219
746082,2024-04-13,MIA,25.778,-80.219
746083,2024-04-03,MIA,25.778,-80.219
746084,2024-04-12,MIA,25.778,-80.219
746085,2024-04-01,MIA,25.778,-80.219
746086,2024-04-02,MIA,25.778,-80.219
746087,2024-03-30,MIA,25.778,-80.219
746088,2024-09-26,LAD,34.073,-118.24
746089,2024-03-28,MIA,25.778,-80.219
746090,2024-03-31,MIA,25.778,-80.219
746091,2024-03-29,MIA,25.778,-80.219
746092,2024-09-22,LAD,34.073,-118.24
746093,2024-09-24,LAD,34.073,-118.24
746094,2024-09-20,LAD,34.073,-118.24
746095,2024-09-25,LAD,34.073,-118.24
746096,2024-09-21,LAD,34.073,-118.24
746097,2024-09-10,LAD,34.073,-118.24
746098,2024-09-08,LAD,34.073,-118.24
746099,2024-09-07,LAD,34.073,-118.24
746100,2024-09-11,LAD,34.073,-118.24
746101,2024-09-09,LAD,34.073,-118.24
746102,2024-08-29,LAD,34.073,-118.24
746103,2024-08-28,LAD,34.073,-118.24
746104,2024-09-06,LAD,34.073,-118.24
746105,2024-08-27,LAD,34.073,-118.24
746106,2024-08-25,LAD,34.073,-118.24
746107,2024-08-20,LAD,34.073,-118.24
746108,2024-08-24,LAD,34.073,-118.24
746109,2024-08-19,LAD,34.073,-118.24
746110,2024-08-21,LAD,34.073,-118.24
746111,2024-08-23,LAD,34.073,-118.24
746112,2024-08-10,LAD,34.073,-118.24
746113,2024-08-09,LAD,34.073,-118.24
746114,2024-08-11,LAD,34.073,-118.24
746115,2024-08-07,LAD,34.073,-118.24
746116,2024-08-05,LAD,34.073,-118.24
746117,2024-07-25,LAD,34.073,-118.24
746118,2024-07-23,LAD,34.073,-118.24
746119,2024-07-24,LAD,34.073,-118.24
746120,2024-08-06,LAD,34.073,-118.24
746121,2024-07-20,LAD,34.073,-118.24
746122,2024-07-07,LAD,34.073,-118.24
746123,2024-07-19,LAD,34.073,-118.24
746124,2024-07-22,LAD,34.073,-118.24
746125,2024-07-21,LAD,34.073,-118.24
746126,2024-07-04,LAD,34.073,-118.24
746127,2024-07-05,LAD,34.073,-118.24
746128,2024-07-03,LAD,34.073,-118.24
746129,2024-07-06,LAD,34.073,-118.24
746130,2024-06-16,LAD,34.073,-118.24
746131,2024-06-21,LAD,34.073,-118.24
746132,2024-06-22,LAD,34.073,-118.24
746133,2024-07-02,LAD,34.073,-118.24
746134,2024-06-14,LAD,34.073,-118.24
746135,2024-06-15,LAD,34.073,-118.24
746136,2024-06-13,LAD,34.073,-118.24
746137,2024-06-12,LAD,34.073,-118.24
746138,2024-06-01,LAD,34.073,-118.24
746139,2024-06-11,LAD,34.073,-118.24
746140,2024-05-31,LAD,34.073,-118.24
746141,2024-06-02,LAD,34.073,-118.24
746142,2024-05-18,LAD,34.073,-118.24
746143,2024-05-22,LAD,34.073,-118.24
746144,2024-05-19,LAD,34.073,-118.24
746145,2024-05-21,LAD,34.073,-118.24
746146,2024-05-20,LAD,34.073,-118.24
746147,2024-05-07,LAD,34.073,-118.24
746148,2024-05-17,LAD,34.073,-118.24
746149,2024-05-06,LAD,34.073,-118.24
746150,2024-05-16,LAD,34.073,-118.24
746151,2024-05-08,LAD,34.073,-118.24
746152,2024-05-03,LAD,34.073,-118.24
746153,2024-05-05,LAD,34.073,-118.24
746154,2024-04-21,LAD,34.073,-118.24
746155,2024-05-04,LAD,34.073,-118.24
746156,2024-04-20,LAD,34.073,-118.24
746157,2024-04-16,LAD,34.073,-118.24
746158,2024-04-15,LAD,34.073,-118.24
746159,2024-04-17,LAD,34.073,-118.24
746160,2024-04-19,LAD,34.073,-118.24
746161,2024-04-13,LAD,34.073,-118.24
746162,2024-04-12,LAD,34.073,-118.24
746163,2024-04-03,LAD,34.073,-118.24
746164,2024-04-14,LAD,34.073,-118.24
746165,2024-03-28,LAD,34.073,-118.24
746166,2024-03-31,LAD,34.073,-118.24
746167,2024-03-29,LAD,34.073,-118.24
746168,2024-03-30,LAD,34.073,-118.24
746169,2024-04-02,LAD,34.073,-118.24
746170,2024-04-01,LAD,34.073,-118.24
746171,2024-09-28,LAA,33.799,-117.882
746172,2024-09-18,LAA,33.799,-117.882
746173,2024-09-27,LAA,33.799,-117.882
746174,2024-09-29,LAA,33.799,-117.882
746176,2024-09-17,LAA,33.799,-117.882
746177,2024-09-14,LAA,33.799,-117.882
746178,2024-09-04,LAA,33.799,-117.882
746179,2024-09-16,LAA,33.799,-117.882
746180,2024-09-15,LAA,33.799,-117.882
746181,2024-09-13,LAA,33.799,-117.882
746182,2024-08-31,LAA,33.799,-117.882
746183,2024-09-01,LAA,33.799,-117.882
746184,2024-08-30,LAA,33.799,-117.882
746185,2024-09-03,LAA,33.799,-117.882
746186,2024-08-18,LAA,33.799,-117.882
746187,2024-08-13,LAA,33.799,-117.882
746188,2024-08-14,LAA,33.799,-117.882
746189,2024-08-16,LAA,33.799,-117.882
746190,2024-08-17,LAA,33.799,-117.882
746191,2024-08-04,LAA,33.799,-117.882
746192,2024-08-12,LAA,33.799,-117.882
746193,2024-08-02,LAA,33.799,-117.882
746194,2024-08-03,LAA,33.799,-117.882
746195,2024-07-28,LAA,33.799,-117.882
746196,2024-08-01,LAA,33.799,-117.882
746197,2024-07-30,LAA,33.799,-117.882
746198,2024-07-31,LAA,33.799,-117.882
746199,2024-07-25,LAA,33.799,-117.882
746200,2024-07-26,LAA,33.799,-117.882
746201,2024-07-14,LAA,33.799,-117.882
746202,2024-07-13,LAA,33.799,-117.882
746203,2024-07-27,LAA,33.799,-117.882
746204,2024-07-11,LAA,33.799,-117.882
746205,2024-07-10,LAA,33.799,-117.882
746206,2024-07-09,LAA,33.799,-117.882
746207,2024-07-12,LAA,33.799,-117.882
746208,2024-07-08,LAA,33.799,-117.882
746209,2024-06-30,LAA,33.799,-117.882
746210,2024-06-27,LAA,33.799,-117.882
746211,2024-06-29,LAA,33.799,-117.882
746212,2024-06-26,LAA,33.799,-117.882
746213,2024-06-25,LAA,33.799,-117.882
746214,2024-06-28,LAA,33.799,-117.882
746215,2024-06-17,LAA,33.799,-117.882
746216,2024-06-09,LAA,33.799,-117.882
746217,2024-06-18,LAA,33.799,-117.882
746218,2024-06-24,LAA,33.799,-117.882
746219,2024-06-19,LAA,33.799,-117.882
746220,2024-06-07,LAA,33.799,-117.882
746221,2024-06-05,LAA,33.799,-117.882
746222,2024-06-04,LAA,33.799,-117.882
746223,2024-06-08,LAA,33.799,-117.882
746224,2024-06-03,LAA,33.799,-117.882
746225,2024-05-30,LAA,33.799,-117.882
746226,2024-05-25,LAA,33.799,-117.882
746227,2024-05-24,LAA,33.799,-117.882
746228,2024-05-29,LAA,33.799,-117.882
746229,2024-05-28,LAA,33.799,-117.882
746230,2024-05-26,LAA,33.799,-117.882
746231,2024-05-15,LAA,33.799,-117.882
746232,2024-05-11,LAA,33.799,-117.882
746233,2024-05-13,LAA,33.799,-117.882
746234,2024-05-12,LAA,33.799,-117.882
746235,2024-05-14,LAA,33.799,-117.882
746236,2024-04-29,LAA,33.799,-117.882
746237,2024-04-28,LAA,33.799,-117.882
746238,2024-05-01,LAA,33.799,-117.882
746239,2024-04-30,LAA,33.799,-117.882
746240,2024-05-10,LAA,33.799,-117.882
746241,2024-05-09,LAA,33.799,-117.882
746242,2024-04-22,LAA,33.799,-117.882
746243,2024-04-26,LAA,33.799,-117.882
746244,2024-04-24,LAA,33.799,-117.882
746245,2024-04-27,LAA,33.799,-117.882
746246,2024-04-23,LAA,33.799,-117.882
746247,2024-04-10,LAA,33.799,-117.882
746248,2024-04-06,LAA,33.799,-117.882
746249,2024-04-05,LAA,33.799,-117.882
746250,2024-04-09,LAA,33.799,-117.882
746251,2024-04-07,LAA,33.799,-117.882
746252,2024-04-08,LAA,33.799,-117.882
746253,2024-09-22,KC,39.051,-94.48
746254,2024-09-18,KC,39.051,-94.48
746255,2024-09-21,KC,39.051,-94.48
746256,2024-09-20,KC,39.051,-94.48
746257,2024-09-06,KC,39.051,-94.48
746258,2024-09-08,KC,39.051,-94.48
746259,2024-09-07,KC,39.051,-94.48
746260,2024-09-16,KC,39.051,-94.48
746261,2024-09-17,KC,39.051,-94.48
746262,2024-09-04,KC,39.051,-94.48
746263,2024-08-25,KC,39.051,-94.48
746264,2024-09-03,KC,39.051,-94.48
746265,2024-09-02,KC,39.051,-94.48
746266,2024-08-20,KC,39.051,-94.48
746267,2024-08-21,KC,39.051,-94.48
746268,2024-08-23,KC,39.051,-94.48
746269,2024-08-10,KC,39.051,-94.48
746270,2024-08-19,KC,39.051,-94.48
746271,2024-08-24,KC,39.051,-94.48
746272,2024-08-07,KC,39.051,-94.48
746273,2024-08-06,KC,39.051,-94.48
746274,2024-07-28,KC,39.051,-94.48
746275,2024-08-09,KC,39.051,-94.48
746276,2024-08-05,KC,39.051,-94.48
746277,2024-07-26,KC,39.051,-94.48
746278,2024-07-27,KC,39.051,-94.48
746279,2024-07-24,KC,39.051,-94.48
746280,2024-07-22,KC,39.051,-94.48
746281,2024-07-23,KC,39.051,-94.48
746282,2024-07-02,KC,39.051,-94.48
746283,2024-07-03,KC,39.051,-94.48
746284,2024-07-19,KC,39.051,-94.48
746285,2024-07-04,KC,39.051,-94.48
746286,2024-07-20,KC,39.051,-94.48
746287,2024-07-21,KC,39.051,-94.48
746288,2024-06-27,KC,39.051,-94.48
746289,2024-06-29,KC,39.051,-94.48
746290,2024-06-30,KC,39.051,-94.48
746291,2024-06-26,KC,39.051,-94.48
746292,2024-06-28,KC,39.051,-94.48
746293,2024-06-25,KC,39.051,-94.48
746294,2024-06-12,KC,39.051,-94.48
746295,2024-06-10,KC,39.051,-94.48
746296,2024-06-11,KC,39.051,-94.48
746297,2024-06-09,KC,39.051,-94.48
746298,2024-06-24,KC,39.051,-94.48
746299,2024-06-13,KC,39.051,-94.48
746300,2024-06-08,KC,39.051,-94.48
746301,2024-06-02,KC,39.051,-94.48
746302,2024-06-07,KC,39.051,-94.48
746303,2024-05-31,KC,39.051,-94.48
746304,2024-05-22,KC,39.051,-94.48
746305,2024-06-01,KC,39.051,-94.48
746306,2024-05-19,KC,39.051,-94.48
746307,2024-05-20,KC,39.051,-94.48
746308,2024-05-18,KC,39.051,-94.48
746309,2024-05-21,KC,39.051,-94.48
746310,2024-05-17,KC,39.051,-94.48
746311,2024-05-04,KC,39.051,-94.48
746312,2024-05-08,KC,39.051,-94.48
746313,2024-05-06,KC,39.051,-94.48
746314,2024-05-05,KC,39.051,-94.48
746315,2024-05-07,KC,39.051,-94.48
746316,2024-04-21,KC,39.051,-94.48
746317,2024-04-24,KC,39.051,-94.48
746318,2024-05-03,KC,39.051,-94.48
746319,2024-04-22,KC,39.051,-94.48
746320,2024-04-25,KC,39.051,-94.48
746321,2024-04-23,KC,39.051,-94.48
746322,2024-04-11,KC,39.051,-94.48
746323,2024-04-10,KC,39.051,-94.48
746324,2024-04-20,KC,39.051,-94.48
746325,2024-04-19,KC,39.051,-94.48
746326,2024-04-09,KC,39.051,-94.48
746327,2024-04-04,KC,39.051,-94.48
746328,2024-04-05,KC,39.051,-94.48
746329,2024-04-06,KC,39.051,-94.48
746330,2024-04-07,KC,39.051,-94.48
746331,2024-09-25,HOU,29.758,-95.355
746332,2024-03-31,KC,39.051,-94.48
746333,2024-03-30,KC,39.051,-94.48
746334,2024-09-23,HOU,29.758,-95.355
746335,2024-03-28,KC,39.051,-94.48
746336,2024-09-24,HOU,29.758,-95.355
746337,2024-09-12,HOU,29.758,-95.355
746338,2024-09-21,HOU,29.758,-95.355
746339,2024-09-22,HOU,29.758,-95.355
746340,2024-09-20,HOU,29.758,-95.355
746341,2024-09-19,HOU,29.758,-95.355
746342,2024-09-11,HOU,29.758,-95.355
746343,2024-09-06,HOU,29.758,-95.355
746344,2024-09-07,HOU,29.758,-95.355
746345,2024-09-08,HOU,29.758,-95.355
746346,2024-09-10,HOU,29.758,-95.355
746347,2024-09-01,HOU,29.758,-95.355
746348,2024-08-31,HOU,29.758,-95.355
746349,2024-08-20,HOU,29.758,-95.355
746350,2024-08-21,HOU,29.758,-95.355
746351,2024-08-19,HOU,29.758,-95.355
746352,2024-08-29,HOU,29.758,-95.355
746353,2024-08-30,HOU,29.758,-95.355
746354,2024-08-02,HOU,29.758,-95.355
746355,2024-08-17,HOU,29.758,-95.355
746356,2024-08-04,HOU,29.758,-95.355
746357,2024-08-16,HOU,29.758,-95.355
746358,2024-08-03,HOU,29.758,-95.355
746359,2024-08-18,HOU,29.758,-95.355
746360,2024-07-29,HOU,29.758,-95.355
746361,2024-07-26,HOU,29.758,-95.355
746362,2024-07-27,HOU,29.758,-95.355
746363,2024-07-31,HOU,29.758,-95.355
746364,2024-07-28,HOU,29.758,-95.355
746365,2024-07-30,HOU,29.758,-95.355
746366,2024-07-10,HOU,29.758,-95.355
746367,2024-07-11,HOU,29.758,-95.355
746368,2024-07-09,HOU,29.758,-95.355
746369,2024-07-13,HOU,29.758,-95.355
746370,2024-07-14,HOU,29.758,-95.355
746371,2024-07-12,HOU,29.758,-95.355
746372,2024-06-25,HOU,29.758,-95.355
746373,2024-06-23,HOU,29.758,-95.355
746374,2024-06-26,HOU,29.758,-95.355
746375,2024-06-21,HOU,29.758,-95.355
746376,2024-06-22,HOU,29.758,-95.355
746377,2024-06-16,HOU,29.758,-95.355
746378,2024-06-14,HOU,29.758,-95.355
746379,2024-06-05,HOU,29.758,-95.355
746380,2024-06-04,HOU,29.758,-95.355
746381,2024-06-15,HOU,29.758,-95.355
746382,2024-06-03,HOU,29.758,-95.355
746383,2024-06-02,HOU,29.758,-95.355
746384,2024-06-01,HOU,29.758,-95.355
746385,2024-05-21,HOU,29.758,-95.355
746386,2024-05-22,HOU,29.758,-95.355
746387,2024-05-31,HOU,29.758,-95.355
746388,2024-05-17,HOU,29.758,-95.355
746389,2024-05-18,HOU,29.758,-95.355
746390,2024-05-20,HOU,29.758,-95.355
746391,2024-05-16,HOU,29.758,-95.355
746392,2024-05-19,HOU,29.758,-95.355
746393,2024-05-13,HOU,29.758,-95.355
746394,2024-05-04,HOU,29.758,-95.355
746395,2024-05-05,HOU,29.758,-95.355
746396,2024-05-14,HOU,29.758,-95.355
746397,2024-05-15,HOU,29.758,-95.355
746398,2024-04-30,HOU,29.758,-95.355
746399,2024-05-01,HOU,29.758,-95.355
746400,2024-04-16,HOU,29.758,-95.355
746401,2024-04-17,HOU,29.758,-95.355
746402,2024-05-03,HOU,29.758,-95.355
746403,2024-05-02,HOU,29.758,-95.355
746404,2024-04-14,HOU,29.758,-95.355
746405,2024-04-13,HOU,29.758,-95.355
746406,2024-04-15,HOU,29.758,-95.355
746407,2024-04-03,HOU,29.758,-95.355
746408,2024-04-12,HOU,29.758,-95.355
746409,2024-04-01,HOU,29.758,-95.355
746410,2024-03-30,HOU,29.758,-95.355
746411,2024-04-02,HOU,29.758,-95.355
746412,2024-03-29,HOU,29.758,-95.355
746413,2024-03-31,HOU,29.758,-95.355
746414,2024-09-28,DET,42.339,-83.05
746415,2024-09-26,DET,42.339,-83.05
746416,2024-09-29,DET,42.339,-83.05
746417,2024-09-27,DET,42.339,-83.05
746418,2024-03-28,HOU,29.758,-95.355
746419,2024-09-15,DET,42.339,-83.05
746420,2024-09-25,DET,42.339,-83.05
746421,2024-09-24,DET,42.339,-83.05
746422,2024-09-14,DET,42.339,-83.05
746423,2024-09-13,DET,42.339,-83.05
746424,2024-08-31,DET,42.339,-83.05
746425,2024-09-11,DET,42.339,-83.05
746426,2024-09-01,DET,42.339,-83.05
746427,2024-09-12,DET,42.339,-83.05
746428,2024-09-10,DET,42.339,-83.05
746429,2024-08-27,DET,42.339,-83.05
746430,2024-08-28,DET,42.339,-83.05
746431,2024-08-18,DET,42.339,-83.05
746432,2024-08-29,DET,42.339,-83.05
746433,2024-08-30,DET,42.339,-83.05
746434,2024-08-17,DET,42.339,-83.05
746435,2024-08-13,DET,42.339,-83.05
746436,2024-08-14,DET,42.339,-83.05
746437,2024-08-15,DET,42.339,-83.05
746438,2024-08-16,DET,42.339,-83.05
746439,2024-08-04,DET,42.339,-83.05
746440,2024-08-03,DET,42.339,-83.05
746441,2024-07-30,DET,42.339,-83.05
746442,2024-08-01,DET,42.339,-83.05
746443,2024-08-02,DET,42.339,-83.05
746444,2024-07-29,DET,42.339,-83.05
746445,2024-07-28,DET,42.339,-83.05
746446,2024-07-27,DET,42.339,-83.05
746447,2024-07-13,DET,42.339,-83.05
746448,2024-07-26,DET,42.339,-83.05
746449,2024-07-14,DET,42.339,-83.05
746450,2024-07-12,DET,42.339,-83.05
746451,2024-07-09,DET,42.339,-83.05
746452,2024-07-11,DET,42.339,-83.05
746453,2024-07-10,DET,42.339,-83.05
746454,2024-06-25,DET,42.339,-83.05
746455,2024-07-08,DET,42.339,-83.05
746456,2024-06-26,DET,42.339,-83.05
746457,2024-06-23,DET,42.339,-83.05
746458,2024-06-24,DET,42.339,-83.05
746459,2024-06-22,DET,42.339,-83.05
746460,2024-06-21,DET,42.339,-83.05
746461,2024-06-08,DET,42.339,-83.05
746462,2024-06-12,DET,42.339,-83.05
746463,2024-06-09,DET,42.339,-83.05
746464,2024-06-11,DET,42.339,-83.05
746465,2024-06-13,DET,42.339,-83.05
746466,2024-06-07,DET,42.339,-83.05
746467,2024-05-29,DET,42.339,-83.05
746468,2024-05-29,DET,42.339,-83.05
746469,2024-05-26,DET,42.339,-83.05
746470,2024-05-25,DET,42.339,-83.05
746471,2024-05-13,DET,42.339,-83.05
746472,2024-05-15,DET,42.339,-83.05
746473,2024-05-14,DET,42.339,-83.05
746474,2024-05-23,DET,42.339,-83.05
746475,2024-05-24,DET,42.339,-83.05
746476,2024-05-12,DET,42.339,-83.05
746477,2024-04-30,DET,42.339,-83.05
746478,2024-05-01,DET,42.339,-83.05
746479,2024-05-10,DET,42.339,-83.05
746480,2024-05-11,DET,42.339,-83.05
746481,2024-04-30,DET,42.339,-83.05
746482,2024-04-26,DET,42.339,-83.05
746483,2024-04-28,DET,42.339,-83.05
746484,2024-04-27,DET,42.339,-83.05
746485,2024-04-18,DET,42.339,-83.05
746486,2024-04-16,DET,42.339,-83.05
746487,2024-04-17,DET,42.339,-83.05
746488,2024-04-15,DET,42.339,-83.05
746489,2024-04-13,DET,42.339,-83.05
746490,2024-04-13,DET,42.339,-83.05
746491,2024-04-12,DET,42.339,-83.05
746492,2024-04-14,DET,42.339,-83.05
746493,2024-04-07,DET,42.339,-83.05
746494,2024-09-27,COL,39.756,-104.994
746495,2024-09-26,COL,39.756,-104.994
746496,2024-09-29,COL,39.756,-104.994
746497,2024-04-05,DET,42.339,-83.05
746498,2024-04-06,DET,42.339,-83.05
746499,2024-09-28,COL,39.756,-104.994
746500,2024-09-18,COL,39.756,-104.994
746501,2024-09-25,COL,39.756,-104.994
746502,2024-09-16,COL,39.756,-104.994
746503,2024-09-17,COL,39.756,-104.994
746504,2024-09-24,COL,39.756,-104.994
746505,2024-09-01,COL,39.756,-104.994
746506,2024-09-15,COL,39.756,-104.994
746507,2024-08-31,COL,39.756,-104.994
746508,2024-09-14,COL,39.756,-104.994
746509,2024-09-13,COL,39.756,-104.994
746510,2024-08-27,COL,39.756,-104.994
746511,2024-08-30,COL,39.756,-104.994
746512,2024-08-28,COL,39.756,-104.994
746513,2024-08-26,COL,39.756,-104.994
746514,2024-08-29,COL,39.756,-104.994
746515,2024-08-17,COL,39.756,-104.994
746516,2024-08-18,COL,39.756,-104.994
746517,2024-08-11,COL,39.756,-104.994
746518,2024-08-16,COL,39.756,-104.994
746519,2024-08-06,COL,39.756,-104.994
746520,2024-08-10,COL,39.756,-104.994
746521,2024-08-07,COL,39.756,-104.994
746522,2024-08-08,COL,39.756,-104.994
746523,2024-08-09,COL,39.756,-104.994
746524,2024-07-23,COL,39.756,-104.994
746525,2024-07-24,COL,39.756,-104.994
746526,2024-07-22,COL,39.756,-104.994
746527,2024-07-20,COL,39.756,-104.994
746528,2024-07-21,COL,39.756,-104.994
746529,2024-07-06,COL,39.756,-104.994
746530,2024-07-07,COL,39.756,-104.994
746531,2024-07-19,COL,39.756,-104.994
746532,2024-07-04,COL,39.756,-104.994
746533,2024-07-05,COL,39.756,-104.994
746534,2024-07-03,COL,39.756,-104.994
746535,2024-07-01,COL,39.756,-104.994
746536,2024-06-23,COL,39.756,-104.994
746537,2024-07-02,COL,39.756,-104.994
746538,2024-06-19,COL,39.756,-104.994
746539,2024-06-20,COL,39.756,-104.994
746540,2024-06-21,COL,39.756,-104.994
746541,2024-06-22,COL,39.756,-104.994
746542,2024-06-18,COL,39.756,-104.994
746543,2024-06-17,COL,39.756,-104.994
746544,2024-06-05,COL,39.756,-104.994
746545,2024-06-14,COL,39.756,-104.994
746546,2024-06-16,COL,39.756,-104.994
746547,2024-06-15,COL,39.756,-104.994
746548,2024-06-03,COL,39.756,-104.994
746549,2024-05-27,COL,39.756,-104.994
746550,2024-06-04,COL,39.756,-104.994
746551,2024-05-29,COL,39.756,-104.994
746552,2024-05-28,COL,39.756,-104.994
746553,2024-05-10,COL,39.756,-104.994
746554,2024-05-11,COL,39.756,-104.994
746555,2024-05-12,COL,39.756,-104.994
746556,2024-05-25,COL,39.756,-104.994
746557,2024-05-26,COL,39.756,-104.994
746558,2024-05-24,COL,39.756,-104.994
746559,2024-05-07,COL,39.756,-104.994
746560,2024-04-27,COL,39.756,-104.994
746561,2024-04-28,COL,39.756,-104.994
746562,2024-05-08,COL,39.756,-104.994
746563,2024-05-09,COL,39.756,-104.994
746564,2024-04-25,COL,39.756,-104.994
746565,2024-04-22,COL,39.756,-104.994
746566,2024-04-23,COL,39.756,-104.994
746567,2024-04-24,COL,39.756,-104.994
746568,2024-04-21,COL,39.756,-104.994
746569,2024-04-08,COL,39.756,-104.994
746570,2024-04-20,COL,39.756,-104.994
746571,2024-04-09,COL,39.756,-104.994
746572,2024-04-21,COL,39.756,-104.994
746573,2024-04-10,COL,39.756,-104.994
746574,2024-04-07,COL,39.756,-104.994
746575,2024-04-06,COL,39.756,-104.994
746576,2024-04-05,COL,39.756,-104.994
746578,2024-09-28,CLE,41.505,-81.699
746579,2024-09-19,CLE,41.505,-81.699
746580,2024-09-27,CLE,41.505,-81.699
746581,2024-09-24,CLE,41.505,-81.699
746582,2024-09-18,CLE,41.505,-81.699
746583,2024-09-25,CLE,41.505,-81.699
746584,2024-09-14,CLE,41.505,-81.699
746585,2024-09-15,CLE,41.505,-81.699
746586,2024-09-13,CLE,41.505,-81.699
746587,2024-09-17,CLE,41.505,-81.699
746588,2024-09-16,CLE,41.505,-81.699
746589,2024-08-28,CLE,41.505,-81.699
746590,2024-08-31,CLE,41.505,-81.699
746591,2024-09-12,CLE,41.505,-81.699
746592,2024-09-01,CLE,41.505,-81.699
746593,2024-08-30,CLE,41.505,-81.699
746594,2024-08-27,CLE,41.505,-81.699
746595,2024-08-25,CLE,41.505,-81.699
746596,2024-08-26,CLE,41.505,-81.699
746597,2024-08-23,CLE,41.505,-81.699
746598,2024-08-14,CLE,41.505,-81.699
746599,2024-08-24,CLE,41.505,-81.699
746600,2024-08-05,CLE,41.505,-81.699
746601,2024-08-13,CLE,41.505,-81.699
746602,2024-08-07,CLE,41.505,-81.699
746603,2024-08-12,CLE,41.505,-81.699
746604,2024-08-07,CLE,41.505,-81.699
746605,2024-08-02,CLE,41.505,-81.699
746606,2024-08-04,CLE,41.505,-81.699
746607,2024-08-01,CLE,41.505,-81.699
746608,2024-08-03,CLE,41.505,-81.699
746609,2024-07-25,CLE,41.505,-81.699
746610,2024-07-21,CLE,41.505,-81.699
746611,2024-07-24,CLE,41.505,-81.699
746612,2024-07-22,CLE,41.505,-81.699
746613,2024-07-20,CLE,41.505,-81.699
746614,2024-07-23,CLE,41.505,-81.699
746615,2024-07-06,CLE,41.505,-81.699
746616,2024-07-07,CLE,41.505,-81.699
746617,2024-07-03,CLE,41.505,-81.699
746618,2024-07-19,CLE,41.505,-81.699
746619,2024-07-04,CLE,41.505,-81.699
746620,2024-07-05,CLE,41.505,-81.699
746621,2024-06-23,CLE,41.505,-81.699
746622,2024-06-22,CLE,41.505,-81.699
746623,2024-07-02,CLE,41.505,-81.699
746624,2024-06-21,CLE,41.505,-81.699
746625,2024-06-19,CLE,41.505,-81.699
746626,2024-06-20,CLE,41.505,-81.699
746627,2024-06-18,CLE,41.505,-81.699
746628,2024-08-26,CLE,41.505,-81.699
746629,2024-06-01,CLE,41.505,-81.699
746630,2024-06-04,CLE,41.505,-81.699
746631,2024-06-06,CLE,41.505,-81.699
746632,2024-06-02,CLE,41.505,-81.699
746633,2024-05-21,CLE,41.505,-81.699
746634,2024-05-22,CLE,41.505,-81.699
746635,2024-05-31,CLE,41.505,-81.699
746636,2024-05-19,CLE,41.505,-81.699
746637,2024-05-20,CLE,41.505,-81.699
746638,2024-05-07,CLE,41.505,-81.699
746639,2024-05-06,CLE,41.505,-81.699
746640,2024-05-08,CLE,41.505,-81.699
746641,2024-05-17,CLE,41.505,-81.699
746642,2024-05-18,CLE,41.505,-81.699
746643,2024-05-05,CLE,41.505,-81.699
746644,2024-05-04,CLE,41.505,-81.699
746645,2024-05-03,CLE,41.505,-81.699
746646,2024-04-25,CLE,41.505,-81.699
746647,2024-04-23,CLE,41.505,-81.699
746648,2024-04-14,CLE,41.505,-81.699
746649,2024-04-24,CLE,41.505,-81.699
746650,2024-04-19,CLE,41.505,-81.699
746651,2024-04-20,CLE,41.505,-81.699
746652,2024-04-21,CLE,41.505,-81.699
746653,2024-04-09,CLE,41.505,-81.699
746654,2024-04-08,CLE,41.505,-81.699
746655,2024-04-10,CLE,41.505,-81.699
746656,2024-04-13,CLE,41.505,-81.699
746657,2024-09-22,CIN,39.097,-84.508
746658,2024-04-13,CLE,41.505,-81.699
746659,2024-09-17,CIN,39.097,-84.508
746660,2024-09-21,CIN,39.097,-84.508
746661,2024-09-20,CIN,39.097,-84.508
746662,2024-09-18,CIN,39.097,-84.508
746663,2024-09-19,CIN,39.097,-84.508
746664,2024-09-05,CIN,39.097,-84.508
746665,2024-08-30,CIN,39.097,-84.508
746666,2024-09-04,CIN,39.097,-84.508
746667,2024-08-31,CIN,39.097,-84.508
746668,2024-09-02,CIN,39.097,-84.508
746669,2024-09-01,CIN,39.097,-84.508
746670,2024-08-29,CIN,39.097,-84.508
746671,2024-08-27,CIN,39.097,-84.508
746672,2024-08-28,CIN,39.097,-84.508
746673,2024-08-13,CIN,39.097,-84.508
746674,2024-08-16,CIN,39.097,-84.508
746675,2024-08-17,CIN,39.097,-84.508
746676,2024-08-18,CIN,39.097,-84.508
746677,2024-08-14,CIN,39.097,-84.508
746678,2024-07-31,CIN,39.097,-84.508
746679,2024-08-02,CIN,39.097,-84.508
746680,2024-08-04,CIN,39.097,-84.508
746681,2024-08-03,CIN,39.097,-84.508
746682,2024-08-12,CIN,39.097,-84.508
746683,2024-07-30,CIN,39.097,-84.508
746684,2024-07-29,CIN,39.097,-84.508
746685,2024-07-12,CIN,39.097,-84.508
746686,2024-07-14,CIN,39.097,-84.508
746687,2024-07-13,CIN,39.097,-84.508
746688,2024-07-11,CIN,39.097,-84.508
746689,2024-07-10,CIN,39.097,-84.508
746690,2024-07-09,CIN,39.097,-84.508
746691,2024-07-07,CIN,39.097,-84.508
746692,2024-07-08,CIN,39.097,-84.508
746693,2024-07-05,CIN,39.097,-84.508
746694,2024-07-06,CIN,39.097,-84.508
746695,2024-06-26,CIN,39.097,-84.508
746696,2024-06-24,CIN,39.097,-84.508
746697,2024-06-25,CIN,39.097,-84.508
746698,2024-06-21,CIN,39.097,-84.508
746699,2024-06-23,CIN,39.097,-84.508
746700,2024-06-22,CIN,39.097,-84.508
746701,2024-06-12,CIN,39.097,-84.508
746702,2024-06-11,CIN,39.097,-84.508
746703,2024-06-08,CIN,39.097,-84.508
746704,2024-06-07,CIN,39.097,-84.508
746705,2024-06-09,CIN,39.097,-84.508
746706,2024-05-29,CIN,39.097,-84.508
746707,2024-06-06,CIN,39.097,-84.508
746708,2024-05-27,CIN,39.097,-84.508
746709,2024-05-28,CIN,39.097,-84.508
746710,2024-05-25,CIN,39.097,-84.508
746711,2024-05-26,CIN,39.097,-84.508
746712,2024-05-22,CIN,39.097,-84.508
746713,2024-05-24,CIN,39.097,-84.508
746714,2024-05-23,CIN,39.097,-84.508
746715,2024-05-09,CIN,39.097,-84.508
746716,2024-05-21,CIN,39.097,-84.508
746717,2024-05-08,CIN,39.097,-84.508
746718,2024-05-07,CIN,39.097,-84.508
746719,2024-05-05,CIN,39.097,-84.508
746720,2024-05-04,CIN,39.097,-84.508
746721,2024-05-03,CIN,39.097,-84.508
746722,2024-04-23,CIN,39.097,-84.508
746723,2024-04-22,CIN,39.097,-84.508
746724,2024-04-25,CIN,39.097,-84.508
746725,2024-04-24,CIN,39.097,-84.508
746726,2024-04-20,CIN,39.097,-84.508
746727,2024-04-21,CIN,39.097,-84.508
746728,2024-04-10,CIN,39.097,-84.508
746729,2024-04-19,CIN,39.097,-84.508
746730,2024-08-30,CIN,39.097,-84.508
746731,2024-04-06,CIN,39.097,-84.508
746732,2024-04-09,CIN,39.097,-84.508
746733,2024-04-05,CIN,39.097,-84.508
746734,2024-04-07,CIN,39.097,-84.508
746735,2024-04-08,CIN,39.097,-84.508
746736,2024-03-30,CIN,39.097,-84.508
746737,2024-03-28,CIN,39.097,-84.508
746738,2024-09-26,CWS,41.83,-87.633
746739,2024-03-31,CIN,39.097,-84.508
746740,2024-09-14,CWS,41.83,-87.633
746741,2024-09-15,CWS,41.83,-87.633
746742,2024-09-25,CWS,41.83,-87.633
746743,2024-09-24,CWS,41.83,-87.633
746744,2024-09-13,CWS,41.83,-87.633
746745,2024-09-11,CWS,41.83,-87.633
746746,2024-09-09,CWS,41.83,-87.633
746747,2024-09-10,CWS,41.83,-87.633
746748,2024-08-29,CWS,41.83,-87.633
746749,2024-08-30,CWS,41.83,-87.633
746750,2024-09-01,CWS,41.83,-87.633
746751,2024-08-31,CWS,41.83,-87.633
746752,2024-08-28,CWS,41.83,-87.633
746753,2024-08-26,CWS,41.83,-87.633
746754,2024-08-25,CWS,41.83,-87.633
746755,2024-08-27,CWS,41.83,-87.633
746756,2024-08-24,CWS,41.83,-87.633
746757,2024-08-13,CWS,41.83,-87.633
746758,2024-08-23,CWS,41.83,-87.633
746759,2024-08-14,CWS,41.83,-87.633
746760,2024-08-09,CWS,41.83,-87.633
746761,2024-08-10,CWS,41.83,-87.633
746762,2024-08-12,CWS,41.83,-87.633
746763,2024-07-30,CWS,41.83,-87.633
746764,2024-07-31,CWS,41.83,-87.633
746765,2024-07-29,CWS,41.83,-87.633
746766,2024-07-13,CWS,41.83,-87.633
746767,2024-07-26,CWS,41.83,-87.633
746768,2024-07-27,CWS,41.83,-87.633
746769,2024-07-14,CWS,41.83,-87.633
746770,2024-07-28,CWS,41.83,-87.633
746771,2024-07-08,CWS,41.83,-87.633
746772,2024-07-10,CWS,41.83,-87.633
746773,2024-07-10,CWS,41.83,-87.633
746774,2024-07-12,CWS,41.83,-87.633
746775,2024-06-25,CWS,41.83,-87.633
746776,2024-06-28,CWS,41.83,-87.633
746777,2024-06-26,CWS,41.83,-87.633
746778,2024-06-29,CWS,41.83,-87.633
746779,2024-06-30,CWS,41.83,-87.633
746780,2024-06-24,CWS,41.83,-87.633
746781,2024-06-19,CWS,41.83,-87.633
746782,2024-06-20,CWS,41.83,-87.633
746783,2024-06-18,CWS,41.83,-87.633
746784,2024-06-06,CWS,41.83,-87.633
746785,2024-06-07,CWS,41.83,-87.633
746786,2024-06-08,CWS,41.83,-87.633
746787,2024-06-09,CWS,41.83,-87.633
746788,2024-05-27,CWS,41.83,-87.633
746789,2024-05-26,CWS,41.83,-87.633
746790,2024-05-29,CWS,41.83,-87.633
746791,2024-05-28,CWS,41.83,-87.633
746792,2024-05-23,CWS,41.83,-87.633
746793,2024-05-24,CWS,41.83,-87.633
746794,2024-05-25,CWS,41.83,-87.633
746795,2024-05-15,CWS,41.83,-87.633
746796,2024-05-14,CWS,41.83,-87.633
746797,2024-05-11,CWS,41.83,-87.633
746798,2024-05-12,CWS,41.83,-87.633
746799,2024-05-14,CWS,41.83,-87.633
746800,2024-05-01,CWS,41.83,-87.633
746801,2024-05-10,CWS,41.83,-87.633
746802,2024-05-09,CWS,41.83,-87.633
746803,2024-04-27,CWS,41.83,-87.633
746804,2024-04-29,CWS,41.83,-87.633
746805,2024-04-28,CWS,41.83,-87.633
746806,2024-04-30,CWS,41.83,-87.633
746807,2024-04-17,CWS,41.83,-87.633
746808,2024-04-26,CWS,41.83,-87.633
746809,2024-04-17,CWS,41.83,-87.633
746810,2024-04-14,CWS,41.83,-87.633
746811,2024-04-13,CWS,41.83,-87.633
746812,2024-04-12,CWS,41.83,-87.633
746813,2024-04-15,CWS,41.83,-87.633
746814,2024-04-02,CWS,41.83,-87.633
746815,2024-03-31,CWS,41.83,-87.633
746816,2024-06-27,CWS,41.83,-87.633
746817,2024-04-01,CWS,41.83,-87.633
746818,2024-03-30,CWS,41.83,-87.633
746819,2024-09-28,CHC,41.948,-87.655
746820,2024-09-29,CHC,41.948,-87.655
746821,2024-03-28,CWS,41.83,-87.633
746822,2024-09-27,CHC,41.948,-87.655
746823,2024-09-19,CHC,41.948,-87.655
746824,2024-09-20,CHC,41.948,-87.655
746825,2024-09-22,CHC,41.948,-87.655
746826,2024-09-21,CHC,41.948,-87.655
746827,2024-09-08,CHC,41.948,-87.655
746828,2024-09-16,CHC,41.948,-87.655
746829,2024-09-07,CHC,41.948,-87.655
746830,2024-09-17,CHC,41.948,-87.655
746831,2024-09-18,CHC,41.948,-87.655
746832,2024-09-06,CHC,41.948,-87.655
746833,2024-09-02,CHC,41.948,-87.655
746834,2024-09-03,CHC,41.948,-87.655
746835,2024-09-04,CHC,41.948,-87.655
746836,2024-08-22,CHC,41.948,-87.655
746837,2024-08-21,CHC,41.948,-87.655
746838,2024-08-18,CHC,41.948,-87.655
746839,2024-08-20,CHC,41.948,-87.655
746840,2024-08-06,CHC,41.948,-87.655
746841,2024-08-17,CHC,41.948,-87.655
746842,2024-08-07,CHC,41.948,-87.655
746843,2024-08-16,CHC,41.948,-87.655
746844,2024-08-04,CHC,41.948,-87.655
746845,2024-08-02,CHC,41.948,-87.655
746846,2024-08-03,CHC,41.948,-87.655
746847,2024-08-05,CHC,41.948,-87.655
746848,2024-07-23,CHC,41.948,-87.655
746849,2024-08-01,CHC,41.948,-87.655
746850,2024-07-22,CHC,41.948,-87.655
746851,2024-07-24,CHC,41.948,-87.655
746852,2024-07-20,CHC,41.948,-87.655
746853,2024-07-21,CHC,41.948,-87.655
746854,2024-07-19,CHC,41.948,-87.655
746855,2024-07-07,CHC,41.948,-87.655
746856,2024-07-06,CHC,41.948,-87.655
746857,2024-07-04,CHC,41.948,-87.655
746858,2024-07-03,CHC,41.948,-87.655
746859,2024-07-05,CHC,41.948,-87.655
746860,2024-07-02,CHC,41.948,-87.655
746861,2024-06-21,CHC,41.948,-87.655
746862,2024-06-23,CHC,41.948,-87.655
746863,2024-06-22,CHC,41.948,-87.655
746864,2024-06-19,CHC,41.948,-87.655
746865,2024-06-15,CHC,41.948,-87.655
746866,2024-06-16,CHC,41.948,-87.655
746867,2024-06-18,CHC,41.948,-87.655
746868,2024-06-17,CHC,41.948,-87.655
746869,2024-06-14,CHC,41.948,-87.655
746870,2024-06-01,CHC,41.948,-87.655
746871,2024-06-02,CHC,41.948,-87.655
746872,2024-06-04,CHC,41.948,-87.655
746873,2024-06-05,CHC,41.948,-87.655
746874,2024-05-23,CHC,41.948,-87.655
746875,2024-05-21,CHC,41.948,-87.655
746876,2024-05-22,CHC,41.948,-87.655
746877,2024-05-31,CHC,41.948,-87.655
746878,2024-05-17,CHC,41.948,-87.655
746879,2024-05-08,CHC,41.948,-87.655
746880,2024-05-19,CHC,41.948,-87.655
746881,2024-05-16,CHC,41.948,-87.655
746882,2024-05-18,CHC,41.948,-87.655
746883,2024-05-05,CHC,41.948,-87.655
746884,2024-05-04,CHC,41.948,-87.655
746885,2024-05-07,CHC,41.948,-87.655
746886,2024-05-06,CHC,41.948,-87.655
746887,2024-04-25,CHC,41.948,-87.655
746888,2024-04-23,CHC,41.948,-87.655
746889,2024-04-24,CHC,41.948,-87.655
746890,2024-05-03,CHC,41.948,-87.655
746891,2024-04-20,CHC,41.948,-87.655
746892,2024-04-19,CHC,41.948,-87.655
746893,2024-04-20,CHC,41.948,-87.655
746894,2024-04-21,CHC,41.948,-87.655
746895,2024-04-07,CHC,41.948,-87.655
746896,2024-04-06,CHC,41.948,-87.655
746897,2024-04-05,CHC,41.948,-87.655
746898,2024-04-02,CHC,41.948,-87.655
746899,2024-04-01,CHC,41.948,-87.655
746900,2024-04-03,CHC,41.948,-87.655
746901,2024-09-29,BOS,42.346,-71.097
746902,2024-09-28,BOS,42.346,-71.097
746903,2024-09-22,BOS,42.346,-71.097
746904,2024-09-27,BOS,42.346,-71.097
746905,2024-09-20,BOS,42.346,-71.097
746906,2024-09-22,BOS,42.346,-71.097
746907,2024-09-10,BOS,42.346,-71.097
746908,2024-09-11,BOS,42.346,-71.097
746909,2024-09-09,BOS,42.346,-71.097
746910,2024-09-08,BOS,42.346,-71.097
746911,2024-09-07,BOS,42.346,-71.097
746912,2024-09-06,BOS,42.346,-71.097
746913,2024-08-28,BOS,42.346,-71.097
746914,2024-08-29,BOS,42.346,-71.097
746915,2024-08-26,BOS,42.346,-71.097
746916,2024-08-27,BOS,42.346,-71.097
746917,2024-08-24,BOS,42.346,-71.097
746918,2024-08-25,BOS,42.346,-71.097
746919,2024-08-14,BOS,42.346,-71.097
746920,2024-08-23,BOS,42.346,-71.097
746921,2024-08-12,BOS,42.346,-71.097
746922,2024-08-10,BOS,42.346,-71.097
746923,2024-08-11,BOS,42.346,-71.097
746924,2024-08-13,BOS,42.346,-71.097
746925,2024-07-31,BOS,42.346,-71.097
746926,2024-07-30,BOS,42.346,-71.097
746927,2024-08-09,BOS,42.346,-71.097
746928,2024-07-29,BOS,42.346,-71.097
746929,2024-07-28,BOS,42.346,-71.097
746930,2024-07-13,BOS,42.346,-71.097
746931,2024-07-27,BOS,42.346,-71.097
746932,2024-07-14,BOS,42.346,-71.097
746933,2024-07-26,BOS,42.346,-71.097
746934,2024-07-10,BOS,42.346,-71.097
746935,2024-07-11,BOS,42.346,-71.097
746936,2024-07-12,BOS,42.346,-71.097
746937,2024-07-09,BOS,42.346,-71.097
746938,2024-06-30,BOS,42.346,-71.097
746939,2024-06-28,BOS,42.346,-71.097
746940,2024-06-29,BOS,42.346,-71.097
746941,2024-06-24,BOS,42.346,-71.097
746942,2024-06-26,BOS,42.346,-71.097
746943,2024-06-25,BOS,42.346,-71.097
746944,2024-06-13,BOS,42.346,-71.097
746945,2024-06-16,BOS,42.346,-71.097
746946,2024-06-15,BOS,42.346,-71.097
746947,2024-06-14,BOS,42.346,-71.097
746948,2024-06-12,BOS,42.346,-71.097
746949,2024-06-04,BOS,42.346,-71.097
746950,2024-06-05,BOS,42.346,-71.097
746951,2024-06-11,BOS,42.346,-71.097
746952,2024-06-01,BOS,42.346,-71.097
746953,2024-06-02,BOS,42.346,-71.097
746954,2024-05-30,BOS,42.346,-71.097
746955,2024-05-31,BOS,42.346,-71.097
746956,2024-05-24,BOS,42.346,-71.097
746957,2024-05-26,BOS,42.346,-71.097
746958,2024-05-25,BOS,42.346,-71.097
746959,2024-05-16,BOS,42.346,-71.097
746960,2024-05-15,BOS,42.346,-71.097
746961,2024-05-13,BOS,42.346,-71.097
746962,2024-05-14,BOS,42.346,-71.097
746963,2024-05-11,BOS,42.346,-71.097
746964,2024-05-10,BOS,42.346,-71.097
746965,2024-05-12,BOS,42.346,-71.097
746966,2024-05-01,BOS,42.346,-71.097
746967,2024-04-28,BOS,42.346,-71.097
746968,2024-04-30,BOS,42.346,-71.097
746969,2024-05-02,BOS,42.346,-71.097
746970,2024-04-18,BOS,42.346,-71.097
746971,2024-04-27,BOS,42.346,-71.097
746972,2024-04-26,BOS,42.346,-71.097
746973,2024-04-17,BOS,42.346,-71.097
746974,2024-04-15,BOS,42.346,-71.097
746975,2024-04-14,BOS,42.346,-71.097
746976,2024-04-16,BOS,42.346,-71.097
746977,2024-04-11,BOS,42.346,-71.097
746978,2024-04-12,BOS,42.346,-71.097
746979,2024-04-13,BOS,42.346,-71.097
746980,2024-04-10,BOS,42.346,-71.097
746981,2024-04-09,BOS,42.346,-71.097
746982,2024-09-22,BAL,39.284,-76.621
746983,2024-09-21,BAL,39.284,-76.621
746984,2024-09-20,BAL,39.284,-76.621
746985,2024-09-19,BAL,39.284,-76.621
746986,2024-09-07,BAL,39.284,-76.621
746987,2024-09-17,BAL,39.284,-76.621
746988,2024-09-18,BAL,39.284,-76.621
746989,2024-09-08,BAL,39.284,-76.621
746990,2024-09-04,BAL,39.284,-76.621
746991,2024-09-03,BAL,39.284,-76.621
746992,2024-09-02,BAL,39.284,-76.621
746993,2024-09-06,BAL,39.284,-76.621
746994,2024-08-25,BAL,39.284,-76.621
746995,2024-08-23,BAL,39.284,-76.621
746996,2024-08-24,BAL,39.284,-76.621
746997,2024-08-17,BAL,39.284,-76.621
746998,2024-08-22,BAL,39.284,-76.621
746999,2024-08-18,BAL,39.284,-76.621
747000,2024-08-14,BAL,39.284,-76.621
747001,2024-08-16,BAL,39.284,-76.621
747002,2024-08-15,BAL,39.284,-76.621
747003,2024-07-31,BAL,39.284,-76.621
747004,2024-08-13,BAL,39.284,-76.621
747005,2024-07-30,BAL,39.284,-76.621
747006,2024-07-27,BAL,39.284,-76.621
747007,2024-07-29,BAL,39.284,-76.621
747008,2024-07-28,BAL,39.284,-76.621
747009,2024-07-14,BAL,39.284,-76.621
747010,2024-07-26,BAL,39.284,-76.621
747011,2024-07-11,BAL,39.284,-76.621
747012,2024-07-12,BAL,39.284,-76.621
747013,2024-07-13,BAL,39.284,-76.621
747014,2024-07-09,BAL,39.284,-76.621
747015,2024-07-10,BAL,39.284,-76.621
747016,2024-06-30,BAL,39.284,-76.621
747017,2024-06-28,BAL,39.284,-76.621
747018,2024-06-29,BAL,39.284,-76.621
747019,2024-06-26,BAL,39.284,-76.621
747020,2024-06-27,BAL,39.284,-76.621
747021,2024-06-24,BAL,39.284,-76.621
747022,2024-06-25,BAL,39.284,-76.621
747023,2024-06-16,BAL,39.284,-76.621
747024,2024-06-15,BAL,39.284,-76.621
747025,2024-06-14,BAL,39.284,-76.621
747026,2024-06-13,BAL,39.284,-76.621
747027,2024-06-11,BAL,39.284,-76.621
747028,2024-06-12,BAL,39.284,-76.621
747029,2024-06-01,BAL,39.284,-76.621
747030,2024-06-02,BAL,39.284,-76.621
747031,2024-05-29,BAL,39.284,-76.621
747032,2024-05-31,BAL,39.284,-76.621
747033,2024-05-28,BAL,39.284,-76.621
747034,2024-05-27,BAL,39.284,-76.621
747035,2024-05-19,BAL,39.284,-76.621
747036,2024-05-18,BAL,39.284,-76.621
747037,2024-05-17,BAL,39.284,-76.621
747038,2024-05-15,BAL,39.284,-76.621
747039,2024-07-29,BAL,39.284,-76.621
747040,2024-05-13,BAL,39.284,-76.621
747041,2024-05-11,BAL,39.284,-76.621
747042,2024-05-12,BAL,39.284,-76.621
747043,2024-05-10,BAL,39.284,-76.621
747044,2024-05-02,BAL,39.284,-76.621
747045,2024-04-28,BAL,39.284,-76.621
747046,2024-04-29,BAL,39.284,-76.621
747047,2024-04-30,BAL,39.284,-76.621
747048,2024-05-01,BAL,39.284,-76.621
747049,2024-04-17,BAL,39.284,-76.621
747050,2024-04-26,BAL,39.284,-76.621
747051,2024-04-16,BAL,39.284,-76.621
747052,2024-04-27,BAL,39.284,-76.621
747053,2024-04-15,BAL,39.284,-76.621
747054,2024-04-13,BAL,39.284,-76.621
747055,2024-04-12,BAL,39.284,-76.621
747056,2024-04-14,BAL,39.284,-76.621
747057,2024-04-02,BAL,39.284,-76.621
747058,2024-04-01,BAL,39.284,-76.621
747059,2024-04-03,BAL,39.284,-76.621
747060,2024-03-28,BAL,39.284,-76.621
747061,2024-09-29,ATL,33.89,-84.467
747062,2024-03-31,BAL,39.284,-76.621
747063,2024-03-30,BAL,39.284,-76.621
747064,2024-09-30,ATL,33.89,-84.467
747065,2024-09-27,ATL,33.89,-84.467
747066,2024-09-28,ATL,33.89,-84.467
747067,2024-09-16,ATL,33.89,-84.467
747068,2024-09-24,ATL,33.89,-84.467
747069,2024-09-13,ATL,33.89,-84.467
747070,2024-09-14,ATL,33.89,-84.467
747071,2024-09-15,ATL,33.89,-84.467
747072,2024-09-08,ATL,33.89,-84.467
747073,2024-09-05,ATL,33.89,-84.467
747074,2024-09-06,ATL,33.89,-84.467
747075,2024-09-04,ATL,33.89,-84.467
747076,2024-09-07,ATL,33.89,-84.467
747077,2024-08-24,ATL,33.89,-84.467
747078,2024-08-25,ATL,33.89,-84.467
747079,2024-09-03,ATL,33.89,-84.467
747080,2024-08-23,ATL,33.89,-84.467
747081,2024-08-08,ATL,33.89,-84.467
747082,2024-08-22,ATL,33.89,-84.467
747083,2024-08-20,ATL,33.89,-84.467
747084,2024-08-21,ATL,33.89,-84.467
747085,2024-08-07,ATL,33.89,-84.467
747086,2024-08-06,ATL,33.89,-84.467
747087,2024-08-03,ATL,33.89,-84.467
747088,2024-08-04,ATL,33.89,-84.467
747089,2024-08-02,ATL,33.89,-84.467
747090,2024-09-09,ATL,33.89,-84.467
747091,2024-07-24,ATL,33.89,-84.467
747092,2024-08-01,ATL,33.89,-84.467
747093,2024-07-20,ATL,33.89,-84.467
747094,2024-07-21,ATL,33.89,-84.467
747095,2024-07-22,ATL,33.89,-84.467
747096,2024-07-20,ATL,33.89,-84.467
747097,2024-07-05,ATL,33.89,-84.467
747098,2024-07-07,ATL,33.89,-84.467
747099,2024-07-06,ATL,33.89,-84.467
747100,2024-07-03,ATL,33.89,-84.467
747101,2024-06-30,ATL,33.89,-84.467
747102,2024-07-02,ATL,33.89,-84.467
747103,2024-07-04,ATL,33.89,-84.467
747104,2024-06-29,ATL,33.89,-84.467
747105,2024-06-28,ATL,33.89,-84.467
747106,2024-06-19,ATL,33.89,-84.467
747107,2024-06-18,ATL,33.89,-84.467
747108,2024-06-17,ATL,33.89,-84.467
747109,2024-06-16,ATL,33.89,-84.467
747110,2024-06-02,ATL,33.89,-84.467
747111,2024-06-01,ATL,33.89,-84.467
747112,2024-06-14,ATL,33.89,-84.467
747113,2024-06-15,ATL,33.89,-84.467
747114,2024-05-30,ATL,33.89,-84.467
747115,2024-05-28,ATL,33.89,-84.467
747116,2024-05-31,ATL,33.89,-84.467
747117,2024-05-29,ATL,33.89,-84.467
747118,2024-05-27,ATL,33.89,-84.467
747119,2024-05-20,ATL,33.89,-84.467
747120,2024-05-19,ATL,33.89,-84.467
747121,2024-05-20,ATL,33.89,-84.467
747122,2024-05-17,ATL,33.89,-84.467
747123,2024-05-15,ATL,33.89,-84.467
747124,2024-05-14,ATL,33.89,-84.467
747125,2024-04-28,ATL,33.89,-84.467
747126,2024-05-07,ATL,33.89,-84.467
747127,2024-05-08,ATL,33.89,-84.467
747128,2024-05-13,ATL,33.89,-84.467
747129,2024-04-26,ATL,33.89,-84.467
747130,2024-04-23,ATL,33.89,-84.467
747131,2024-04-27,ATL,33.89,-84.467
747132,2024-04-24,ATL,33.89,-84.467
747133,2024-04-21,ATL,33.89,-84.467
747134,2024-04-22,ATL,33.89,-84.467
747135,2024-04-20,ATL,33.89,-84.467
747136,2024-04-19,ATL,33.89,-84.467
747137,2024-04-11,ATL,33.89,-84.467
747138,2024-04-09,ATL,33.89,-84.467
747139,2024-09-30,ATL,33.89,-84.467
747140,2024-04-06,ATL,33.89,-84.467
747141,2024-04-07,ATL,33.89,-84.467
747142,2024-04-08,ATL,33.89,-84.467
747143,2024-04-05,ATL,33.89,-84.467
747144,2024-09-25,AZ,,
747145,2024-09-27,AZ,,
747146,2024-09-28,AZ,,
747147,2024-09-29,AZ,,
747148,2024-09-14,AZ,,
747149,2024-09-24,AZ,,
747150,2024-09-23,AZ,,
747151,2024-09-15,AZ,,
747152,2024-09-10,AZ,,
747153,2024-09-13,AZ,,
747154,2024-09-11,AZ,,
747155,2024-09-02,AZ,,
747156,2024-08-30,AZ,,
747157,2024-09-01,AZ,,
747158,2024-08-31,AZ,,
747159,2024-08-29,AZ,,
747160,2024-08-13,AZ,,
747161,2024-08-28,AZ,,
747162,2024-08-27,AZ,,
747163,2024-08-14,AZ,,
747164,2024-08-10,AZ,,
747165,2024-08-12,AZ,,
747166,2024-08-11,AZ,,
747167,2024-07-30,AZ,,
747168,2024-08-09,AZ,,
747169,2024-08-08,AZ,,
747170,2024-07-31,AZ,,
747171,2024-07-27,AZ,,
747172,2024-07-29,AZ,,
747173,2024-07-28,AZ,,
747174,2024-07-26,AZ,,
747175,2024-07-12,AZ,,
747176,2024-07-14,AZ,,
747177,2024-07-13,AZ,,
747178,2024-07-11,AZ,,
747179,2024-07-10,AZ,,
747180,2024-07-09,AZ,,
747181,2024-07-08,AZ,,
747182,2024-06-30,AZ,,
747183,2024-06-28,AZ,,
747184,2024-06-26,AZ,,
747185,2024-06-27,AZ,,
747186,2024-06-29,AZ,,
747187,2024-06-15,AZ,,
747188,2024-06-25,AZ,,
747189,2024-06-16,AZ,,
747190,2024-06-11,AZ,,
747191,2024-06-14,AZ,,
747192,2024-06-13,AZ,,
747193,2024-06-12,AZ,,
747194,2024-06-03,AZ,,
747195,2024-06-05,AZ,,
747196,2024-06-04,AZ,,
747197,2024-05-26,AZ,,
747198,2024-05-19,AZ,,
747199,2024-05-25,AZ,,
747200,2024-05-24,AZ,,
747201,2024-05-17,AZ,,
747202,2024-05-18,AZ,,
747203,2024-05-15,AZ,,
747204,2024-05-13,AZ,,
747205,2024-05-14,AZ,,
747206,2024-05-05,AZ,,
747207,2024-05-01,AZ,,
747208,2024-05-03,AZ,,
747209,2024-05-04,AZ,,
747210,2024-04-30,AZ,,
747211,2024-04-29,AZ,,
747212,2024-04-17,AZ,,
747213,2024-04-15,AZ,,
747214,2024-04-16,AZ,,
747215,2024-04-13,AZ,,
747216,2024-04-14,AZ,,
747217,2024-04-12,AZ,,
747218,2024-04-01,AZ,,
747219,2024-04-03,AZ,,
747220,2024-04-02,AZ,,
747221,2024-03-30,AZ,,
747222,2024-03-31,AZ,,
747223,2024-03-29,AZ,,
747224,2024-03-28,AZ,,
775333,2024-10-01,SD,32.707,-117.157
775340,2024-10-01,MIL,43.028,-87.971
775343,2024-10-01,BAL,39.284,-76.621
775345,2024-10-01,HOU,29.758,-95.355
